iteration,fidelity,n_samples,water_shielding_mm,veto_thickness_mm,y_cnp,y_cnp_err,y_raw,log_prop,bce
0.00000,0.00000,1000.00000,76.20000,50.00000,0.22750,0.02192,0.02800,0.67046,0.33633
0.00000,0.00000,1000.00000,46.20000,80.00000,0.26062,0.02192,0.02800,0.69166,0.38941
0.00000,0.00000,1000.00000,36.20000,90.00000,0.27852,0.02192,0.05200,0.70018,0.40611
0.00000,0.00000,1000.00000,66.20000,60.00000,0.23682,0.02192,0.02900,0.67213,0.33948
0.00000,0.00000,1000.00000,26.20000,100.00000,0.29515,0.02192,0.04500,0.71289,0.44321
0.00000,0.00000,1000.00000,86.20000,40.00000,0.20115,0.02192,0.03300,0.63808,0.26044
0.00000,0.00000,1000.00000,56.20000,70.00000,0.25613,0.02192,0.03000,0.68212,0.36935
0.00000,0.00000,1000.00000,106.20000,20.00000,0.16115,0.02192,0.02100,0.61752,0.20770
0.00000,0.00000,1000.00000,96.20000,30.00000,0.17879,0.02192,0.01900,0.63968,0.25825
0.00000,0.00000,1000.00000,76.20000,50.00000,0.22776,0.02192,0.02300,0.67167,0.34423
0.00000,0.00000,1000.00000,46.20000,80.00000,0.26607,0.02192,0.04200,0.69266,0.39131
0.00000,0.00000,1000.00000,36.20000,90.00000,0.28518,0.02192,0.04400,0.70875,0.42650
0.00000,0.00000,1000.00000,66.20000,60.00000,0.24503,0.02192,0.03500,0.68012,0.36049
0.00000,0.00000,1000.00000,26.20000,100.00000,0.26161,0.02192,0.03000,0.69200,0.39124
0.00000,0.00000,1000.00000,86.20000,40.00000,0.19124,0.02192,0.02700,0.63457,0.25285
0.00000,0.00000,1000.00000,56.20000,70.00000,0.24888,0.02192,0.03300,0.67815,0.35729
0.00000,0.00000,1000.00000,106.20000,20.00000,0.17340,0.02192,0.03000,0.62092,0.21684
0.00000,0.00000,1000.00000,96.20000,30.00000,0.18447,0.02192,0.03200,0.63999,0.26404
0.00000,0.00000,1000.00000,76.20000,50.00000,0.22907,0.02192,0.03200,0.67289,0.33983
0.00000,0.00000,1000.00000,46.20000,80.00000,0.24803,0.02192,0.03400,0.67806,0.35629
0.00000,0.00000,1000.00000,36.20000,90.00000,0.26226,0.02192,0.03700,0.68831,0.38176
0.00000,0.00000,1000.00000,66.20000,60.00000,0.23516,0.02192,0.02700,0.67207,0.34257
0.00000,0.00000,1000.00000,26.20000,100.00000,0.27129,0.02192,0.04600,0.68914,0.38020
0.00000,0.00000,1000.00000,86.20000,40.00000,0.20115,0.02192,0.03300,0.63808,0.26043
0.00000,0.00000,1000.00000,56.20000,70.00000,0.25611,0.02192,0.03000,0.68211,0.36931
0.00000,0.00000,1000.00000,106.20000,20.00000,0.18295,0.02192,0.02100,0.64051,0.26142
0.00000,0.00000,1000.00000,96.20000,30.00000,0.19512,0.02192,0.02100,0.64797,0.28274
0.00000,0.00000,1000.00000,76.20000,50.00000,0.22798,0.02192,0.02900,0.67036,0.34023
0.00000,0.00000,1000.00000,46.20000,80.00000,0.27029,0.02192,0.03900,0.69060,0.38729
0.00000,0.00000,1000.00000,36.20000,90.00000,0.25786,0.02192,0.04300,0.68665,0.37500
0.00000,0.00000,1000.00000,66.20000,60.00000,0.25315,0.02192,0.03100,0.68375,0.36909
0.00000,0.00000,1000.00000,26.20000,100.00000,0.26707,0.02192,0.04200,0.68716,0.38490
0.00000,0.00000,1000.00000,86.20000,40.00000,0.19123,0.02192,0.02700,0.63456,0.25284
0.00000,0.00000,1000.00000,56.20000,70.00000,0.24885,0.02192,0.03300,0.67812,0.35724
0.00000,0.00000,1000.00000,106.20000,20.00000,0.18679,0.02192,0.02200,0.64221,0.26769
0.00000,0.00000,1000.00000,96.20000,30.00000,0.17981,0.02192,0.02900,0.63368,0.24569
0.00000,0.00000,1000.00000,76.20000,50.00000,0.22561,0.02192,0.03000,0.67296,0.34766
0.00000,0.00000,1000.00000,46.20000,80.00000,0.24803,0.02192,0.03400,0.67806,0.35629
0.00000,0.00000,1000.00000,36.20000,90.00000,0.27455,0.02192,0.03000,0.70238,0.41305
0.00000,0.00000,1000.00000,66.20000,60.00000,0.23517,0.02192,0.02700,0.67208,0.34259
0.00000,0.00000,1000.00000,26.20000,100.00000,0.28029,0.02192,0.04400,0.70030,0.41065
0.00000,0.00000,1000.00000,86.20000,40.00000,0.20116,0.02192,0.03300,0.63809,0.26045
0.00000,0.00000,1000.00000,56.20000,70.00000,0.25647,0.02192,0.03700,0.68233,0.37211
0.00000,0.00000,1000.00000,106.20000,20.00000,0.16116,0.02192,0.02100,0.61752,0.20771
0.00000,0.00000,1000.00000,96.20000,30.00000,0.17908,0.02192,0.02800,0.63092,0.24188
0.00000,0.00000,1000.00000,76.20000,50.00000,0.21324,0.02192,0.02500,0.66565,0.32567
0.00000,0.00000,1000.00000,46.20000,80.00000,0.27029,0.02192,0.03900,0.69060,0.38730
0.00000,0.00000,1000.00000,36.20000,90.00000,0.27372,0.02192,0.04000,0.70251,0.41415
0.00000,0.00000,1000.00000,66.20000,60.00000,0.25318,0.02192,0.03100,0.68376,0.36912
0.00000,0.00000,1000.00000,26.20000,100.00000,0.29466,0.02192,0.04600,0.70973,0.43627
0.00000,0.00000,1000.00000,86.20000,40.00000,0.19123,0.02192,0.02700,0.63456,0.25284
0.00000,0.00000,1000.00000,56.20000,70.00000,0.25838,0.02192,0.02800,0.69052,0.38557
0.00000,0.00000,1000.00000,106.20000,20.00000,0.17337,0.02192,0.03000,0.62091,0.21681
0.00000,0.00000,1000.00000,96.20000,30.00000,0.18842,0.02192,0.02300,0.64123,0.26271
0.00000,0.00000,1000.00000,76.20000,50.00000,0.22628,0.02192,0.03600,0.66709,0.32954
0.00000,0.00000,1000.00000,46.20000,80.00000,0.26060,0.02192,0.02800,0.69166,0.38943
0.00000,0.00000,1000.00000,36.20000,90.00000,0.26480,0.02192,0.04200,0.68474,0.37600
0.00000,0.00000,1000.00000,66.20000,60.00000,0.23789,0.02192,0.02800,0.68168,0.36512
0.00000,0.00000,1000.00000,26.20000,100.00000,0.27801,0.02192,0.04300,0.70429,0.42298
0.00000,0.00000,1000.00000,86.20000,40.00000,0.20114,0.02192,0.03300,0.63808,0.26042
0.00000,0.00000,1000.00000,56.20000,70.00000,0.25601,0.02192,0.03100,0.68697,0.37894
0.00000,0.00000,1000.00000,106.20000,20.00000,0.16114,0.02192,0.02100,0.61751,0.20768
0.00000,0.00000,1000.00000,96.20000,30.00000,0.19613,0.02192,0.04000,0.65150,0.29428
0.00000,0.00000,1000.00000,76.20000,50.00000,0.22022,0.02192,0.02600,0.66602,0.32511
0.00000,0.00000,1000.00000,46.20000,80.00000,0.26609,0.02192,0.04200,0.69266,0.39132
0.00000,0.00000,1000.00000,36.20000,90.00000,0.27079,0.02192,0.04300,0.69029,0.38869
0.00000,0.00000,1000.00000,66.20000,60.00000,0.24447,0.02192,0.02300,0.68686,0.37968
0.00000,0.00000,1000.00000,26.20000,100.00000,0.28441,0.02192,0.04400,0.71278,0.44381
0.00000,0.00000,1000.00000,86.20000,40.00000,0.19124,0.02192,0.02700,0.63456,0.25285
0.00000,0.00000,1000.00000,56.20000,70.00000,0.24807,0.02192,0.03600,0.67911,0.36304
0.00000,0.00000,1000.00000,106.20000,20.00000,0.17338,0.02192,0.03000,0.62091,0.21682
0.00000,0.00000,1000.00000,96.20000,30.00000,0.16757,0.02192,0.01700,0.63247,0.24231
0.00000,0.00000,1000.00000,76.20000,50.00000,0.22736,0.02192,0.03500,0.66754,0.33051
0.00000,0.00000,1000.00000,46.20000,80.00000,0.24801,0.02192,0.03400,0.67805,0.35627
0.00000,0.00000,1000.00000,36.20000,90.00000,0.26481,0.02192,0.04200,0.68473,0.37599
0.00000,0.00000,1000.00000,66.20000,60.00000,0.24855,0.02192,0.04000,0.67973,0.36621
0.00000,0.00000,1000.00000,26.20000,100.00000,0.27182,0.02192,0.04600,0.68926,0.38070
0.00000,0.00000,1000.00000,86.20000,40.00000,0.20114,0.02192,0.03300,0.63808,0.26042
0.00000,0.00000,1000.00000,56.20000,70.00000,0.25399,0.02192,0.02900,0.68518,0.37051
0.00000,0.00000,1000.00000,106.20000,20.00000,0.16117,0.02192,0.02100,0.61752,0.20771
0.00000,0.00000,1000.00000,96.20000,30.00000,0.19496,0.02192,0.02300,0.65549,0.29972
0.00000,0.00000,1000.00000,76.20000,50.00000,0.21848,0.02192,0.03100,0.66529,0.32442
0.00000,0.00000,1000.00000,46.20000,80.00000,0.27029,0.02192,0.03900,0.69060,0.38729
0.00000,0.00000,1000.00000,36.20000,90.00000,0.27079,0.02192,0.04300,0.69029,0.38870
0.00000,0.00000,1000.00000,66.20000,60.00000,0.24431,0.02192,0.03600,0.67766,0.35584
0.00000,0.00000,1000.00000,26.20000,100.00000,0.28961,0.02192,0.04100,0.72051,0.46291
0.00000,0.00000,1000.00000,86.20000,40.00000,0.19124,0.02192,0.02700,0.63456,0.25284
0.00000,0.00000,1000.00000,56.20000,70.00000,0.25463,0.02192,0.02900,0.68669,0.37777
0.00000,0.00000,1000.00000,106.20000,20.00000,0.17339,0.02192,0.03000,0.62091,0.21683
0.00000,0.00000,1000.00000,96.20000,30.00000,0.19511,0.02192,0.02300,0.65554,0.30047
0.00000,0.00000,1000.00000,76.20000,50.00000,0.23293,0.02192,0.03600,0.66971,0.33843
0.00000,0.00000,1000.00000,46.20000,80.00000,0.26962,0.02192,0.03200,0.69676,0.40099
0.00000,0.00000,1000.00000,36.20000,90.00000,0.26480,0.02192,0.04200,0.68474,0.37599
0.00000,0.00000,1000.00000,66.20000,60.00000,0.23517,0.02192,0.02700,0.67207,0.34258
0.00000,0.00000,1000.00000,26.20000,100.00000,0.28029,0.02192,0.04400,0.70029,0.41064
0.00000,0.00000,1000.00000,86.20000,40.00000,0.20115,0.02192,0.03300,0.63808,0.26044
0.00000,0.00000,1000.00000,56.20000,70.00000,0.25609,0.02192,0.03000,0.68210,0.36929
0.00000,0.00000,1000.00000,106.20000,20.00000,0.16117,0.02192,0.02100,0.61752,0.20772
0.00000,0.00000,1000.00000,96.20000,30.00000,0.19875,0.02192,0.02900,0.64896,0.28232
0.00000,0.00000,1000.00000,76.20000,50.00000,0.22957,0.02192,0.02200,0.67831,0.35740
0.00000,0.00000,1000.00000,46.20000,80.00000,0.25101,0.02192,0.03000,0.68593,0.37587
0.00000,0.00000,1000.00000,36.20000,90.00000,0.27079,0.02192,0.04300,0.69030,0.38871
0.00000,0.00000,1000.00000,66.20000,60.00000,0.25316,0.02192,0.03100,0.68376,0.36911
0.00000,0.00000,1000.00000,26.20000,100.00000,0.29466,0.02192,0.04600,0.70973,0.43626
0.00000,0.00000,1000.00000,86.20000,40.00000,0.19123,0.02192,0.02700,0.63456,0.25283
0.00000,0.00000,1000.00000,56.20000,70.00000,0.24886,0.02192,0.03300,0.67813,0.35726
0.00000,0.00000,1000.00000,106.20000,20.00000,0.17338,0.02192,0.03000,0.62091,0.21683
0.00000,0.00000,1000.00000,96.20000,30.00000,0.20720,0.02192,0.03300,0.65214,0.29089
0.00000,0.00000,1000.00000,76.20000,50.00000,0.21087,0.02192,0.02600,0.66260,0.31809
0.00000,0.00000,1000.00000,46.20000,80.00000,0.26778,0.02192,0.03600,0.69324,0.39380
0.00000,0.00000,1000.00000,36.20000,90.00000,0.27455,0.02192,0.03000,0.70237,0.41305
0.00000,0.00000,1000.00000,66.20000,60.00000,0.24216,0.02192,0.03700,0.67431,0.34971
0.00000,0.00000,1000.00000,26.20000,100.00000,0.27240,0.02192,0.03400,0.70642,0.42288
0.00000,0.00000,1000.00000,86.20000,40.00000,0.20114,0.02192,0.03300,0.63808,0.26043
0.00000,0.00000,1000.00000,56.20000,70.00000,0.25399,0.02192,0.02900,0.68518,0.37051
0.00000,0.00000,1000.00000,106.20000,20.00000,0.16117,0.02192,0.02100,0.61752,0.20771
0.00000,0.00000,1000.00000,96.20000,30.00000,0.17906,0.02192,0.02800,0.63092,0.24187
0.00000,0.00000,1000.00000,76.20000,50.00000,0.22211,0.02192,0.03400,0.66746,0.33414
0.00000,0.00000,1000.00000,46.20000,80.00000,0.27011,0.02192,0.03800,0.69170,0.39124
0.00000,0.00000,1000.00000,36.20000,90.00000,0.27371,0.02192,0.04000,0.70251,0.41413
0.00000,0.00000,1000.00000,66.20000,60.00000,0.23909,0.02192,0.02600,0.68210,0.36566
0.00000,0.00000,1000.00000,26.20000,100.00000,0.27203,0.02192,0.03100,0.70427,0.42181
0.00000,0.00000,1000.00000,86.20000,40.00000,0.19125,0.02192,0.02700,0.63457,0.25286
0.00000,0.00000,1000.00000,56.20000,70.00000,0.25463,0.02192,0.02900,0.68669,0.37777
0.00000,0.00000,1000.00000,106.20000,20.00000,0.17339,0.02192,0.03000,0.62092,0.21683
0.00000,0.00000,1000.00000,96.20000,30.00000,0.18839,0.02192,0.02300,0.64122,0.26268
0.00000,0.00000,1000.00000,76.20000,50.00000,0.21398,0.02192,0.02900,0.66735,0.32965
0.00000,0.00000,1000.00000,46.20000,80.00000,0.26960,0.02192,0.03200,0.69677,0.40099
0.00000,0.00000,1000.00000,36.20000,90.00000,0.26225,0.02192,0.03700,0.68831,0.38175
0.00000,0.00000,1000.00000,66.20000,60.00000,0.24856,0.02192,0.04000,0.67972,0.36619
0.00000,0.00000,1000.00000,26.20000,100.00000,0.29516,0.02192,0.04500,0.71289,0.44321
0.00000,0.00000,1000.00000,86.20000,40.00000,0.20114,0.02192,0.03300,0.63808,0.26043
0.00000,0.00000,1000.00000,56.20000,70.00000,0.25599,0.02192,0.03100,0.68696,0.37891
0.00000,0.00000,1000.00000,106.20000,20.00000,0.16116,0.02192,0.02100,0.61752,0.20771
0.00000,0.00000,1000.00000,96.20000,30.00000,0.17910,0.02192,0.02800,0.63093,0.24191
0.00000,0.00000,1000.00000,76.20000,50.00000,0.22009,0.02192,0.03200,0.67093,0.35081
0.00000,0.00000,1000.00000,46.20000,80.00000,0.25102,0.02192,0.03000,0.68594,0.37588
0.00000,0.00000,1000.00000,36.20000,90.00000,0.25786,0.02192,0.04300,0.68664,0.37499
0.00000,0.00000,1000.00000,66.20000,60.00000,0.24429,0.02192,0.03600,0.67766,0.35582
0.00000,0.00000,1000.00000,26.20000,100.00000,0.26160,0.02192,0.03000,0.69200,0.39124
0.00000,0.00000,1000.00000,86.20000,40.00000,0.19123,0.02192,0.02700,0.63456,0.25284
0.00000,0.00000,1000.00000,56.20000,70.00000,0.24805,0.02192,0.03600,0.67911,0.36305
0.00000,0.00000,1000.00000,106.20000,20.00000,0.17338,0.02192,0.03000,0.62091,0.21682
0.00000,0.00000,1000.00000,96.20000,30.00000,0.18839,0.02192,0.02300,0.64122,0.26268
0.00000,0.00000,1000.00000,76.20000,50.00000,0.22628,0.02192,0.03600,0.66709,0.32954
0.00000,0.00000,1000.00000,46.20000,80.00000,0.24801,0.02192,0.03400,0.67806,0.35628
0.00000,0.00000,1000.00000,36.20000,90.00000,0.27195,0.02192,0.03500,0.69924,0.40823
0.00000,0.00000,1000.00000,66.20000,60.00000,0.23680,0.02192,0.02900,0.67214,0.33950
0.00000,0.00000,1000.00000,26.20000,100.00000,0.27802,0.02192,0.04300,0.70429,0.42300
0.00000,0.00000,1000.00000,86.20000,40.00000,0.20118,0.02192,0.03300,0.63809,0.26046
0.00000,0.00000,1000.00000,56.20000,70.00000,0.25646,0.02192,0.03700,0.68233,0.37210
0.00000,0.00000,1000.00000,106.20000,20.00000,0.16117,0.02192,0.02100,0.61751,0.20770
0.00000,0.00000,1000.00000,96.20000,30.00000,0.19879,0.02192,0.02900,0.64898,0.28238
0.00000,0.00000,1000.00000,76.20000,50.00000,0.22023,0.02192,0.02600,0.66602,0.32512
0.00000,0.00000,1000.00000,46.20000,80.00000,0.27029,0.02192,0.03900,0.69060,0.38729
0.00000,0.00000,1000.00000,36.20000,90.00000,0.27674,0.02192,0.03400,0.70545,0.42384
0.00000,0.00000,1000.00000,66.20000,60.00000,0.24499,0.02192,0.03500,0.68012,0.36048
0.00000,0.00000,1000.00000,26.20000,100.00000,0.28442,0.02192,0.04400,0.71277,0.44381
0.00000,0.00000,1000.00000,86.20000,40.00000,0.19124,0.02192,0.02700,0.63456,0.25284
0.00000,0.00000,1000.00000,56.20000,70.00000,0.25839,0.02192,0.02800,0.69052,0.38558
0.00000,0.00000,1000.00000,106.20000,20.00000,0.17340,0.02192,0.03000,0.62092,0.21684
0.00000,0.00000,1000.00000,96.20000,30.00000,0.20718,0.02192,0.03300,0.65213,0.29087
0.00000,0.00000,1000.00000,76.20000,50.00000,0.21845,0.02192,0.03600,0.66182,0.31704
0.00000,0.00000,1000.00000,46.20000,80.00000,0.26959,0.02192,0.03200,0.69676,0.40099
0.00000,0.00000,1000.00000,36.20000,90.00000,0.26482,0.02192,0.04200,0.68474,0.37600
0.00000,0.00000,1000.00000,66.20000,60.00000,0.24216,0.02192,0.03700,0.67431,0.34970
0.00000,0.00000,1000.00000,26.20000,100.00000,0.27129,0.02192,0.04600,0.68913,0.38019
0.00000,0.00000,1000.00000,86.20000,40.00000,0.20114,0.02192,0.03300,0.63808,0.26043
0.00000,0.00000,1000.00000,56.20000,70.00000,0.25610,0.02192,0.03000,0.68210,0.36931
0.00000,0.00000,1000.00000,106.20000,20.00000,0.16117,0.02192,0.02100,0.61751,0.20771
0.00000,0.00000,1000.00000,96.20000,30.00000,0.19876,0.02192,0.02900,0.64897,0.28234
0.00000,0.00000,1000.00000,76.20000,50.00000,0.23699,0.02192,0.03200,0.67899,0.36027
0.00000,0.00000,1000.00000,46.20000,80.00000,0.25102,0.02192,0.03000,0.68594,0.37588
0.00000,0.00000,1000.00000,36.20000,90.00000,0.27079,0.02192,0.04300,0.69030,0.38871
0.00000,0.00000,1000.00000,66.20000,60.00000,0.23909,0.02192,0.02600,0.68209,0.36565
0.00000,0.00000,1000.00000,26.20000,100.00000,0.26706,0.02192,0.04200,0.68716,0.38488
0.00000,0.00000,1000.00000,86.20000,40.00000,0.19123,0.02192,0.02700,0.63456,0.25284
0.00000,0.00000,1000.00000,56.20000,70.00000,0.24887,0.02192,0.03300,0.67814,0.35728
0.00000,0.00000,1000.00000,106.20000,20.00000,0.17339,0.02192,0.03000,0.62092,0.21684
0.00000,0.00000,1000.00000,96.20000,30.00000,0.20719,0.02192,0.03300,0.65213,0.29088
0.00000,0.00000,1000.00000,76.20000,50.00000,0.23875,0.02192,0.03400,0.67846,0.35828
0.00000,0.00000,1000.00000,46.20000,80.00000,0.26060,0.02192,0.02800,0.69166,0.38943
0.00000,0.00000,1000.00000,36.20000,90.00000,0.26226,0.02192,0.03700,0.68830,0.38174
0.00000,0.00000,1000.00000,66.20000,60.00000,0.24699,0.02192,0.02900,0.68416,0.37035
0.00000,0.00000,1000.00000,26.20000,100.00000,0.28029,0.02192,0.04400,0.70030,0.41065
0.00000,0.00000,1000.00000,86.20000,40.00000,0.20113,0.02192,0.03300,0.63807,0.26041
0.00000,0.00000,1000.00000,56.20000,70.00000,0.25798,0.02192,0.04100,0.68932,0.38418
0.00000,0.00000,1000.00000,106.20000,20.00000,0.16119,0.02192,0.02100,0.61753,0.20774
0.00000,0.00000,1000.00000,96.20000,30.00000,0.19510,0.02192,0.02100,0.64796,0.28271
0.00000,0.00000,1000.00000,76.20000,50.00000,0.21970,0.02192,0.02200,0.66497,0.32555
0.00000,0.00000,1000.00000,46.20000,80.00000,0.26607,0.02192,0.04200,0.69266,0.39132
0.00000,0.00000,1000.00000,36.20000,90.00000,0.25786,0.02192,0.04300,0.68665,0.37500
0.00000,0.00000,1000.00000,66.20000,60.00000,0.25003,0.02192,0.02800,0.68905,0.38394
0.00000,0.00000,1000.00000,26.20000,100.00000,0.29467,0.02192,0.04600,0.70973,0.43627
0.00000,0.00000,1000.00000,86.20000,40.00000,0.19122,0.02192,0.02700,0.63456,0.25283
0.00000,0.00000,1000.00000,56.20000,70.00000,0.25352,0.02192,0.03700,0.68585,0.38562
0.00000,0.00000,1000.00000,106.20000,20.00000,0.17339,0.02192,0.03000,0.62092,0.21684
0.00000,0.00000,1000.00000,96.20000,30.00000,0.17981,0.02192,0.02900,0.63368,0.24569
0.00000,0.00000,1000.00000,76.20000,50.00000,0.22448,0.02192,0.03100,0.67746,0.35371
0.00000,0.00000,1000.00000,46.20000,80.00000,0.27128,0.02192,0.02900,0.70260,0.41272
0.00000,0.00000,1000.00000,36.20000,90.00000,0.27853,0.02192,0.05200,0.70018,0.40612
0.00000,0.00000,1000.00000,66.20000,60.00000,0.24858,0.02192,0.04000,0.67972,0.36620
0.00000,0.00000,1000.00000,26.20000,100.00000,0.27446,0.02192,0.03800,0.70120,0.41818
0.00000,0.00000,1000.00000,86.20000,40.00000,0.20114,0.02192,0.03300,0.63808,0.26043
0.00000,0.00000,1000.00000,56.20000,70.00000,0.25642,0.02192,0.03700,0.68233,0.37209
0.00000,0.00000,1000.00000,106.20000,20.00000,0.18295,0.02192,0.02100,0.64051,0.26142
0.00000,0.00000,1000.00000,96.20000,30.00000,0.17910,0.02192,0.02800,0.63093,0.24191
0.00000,0.00000,1000.00000,76.20000,50.00000,0.21283,0.02192,0.02100,0.66134,0.31726
0.00000,0.00000,1000.00000,46.20000,80.00000,0.26645,0.02192,0.03500,0.69645,0.40298
0.00000,0.00000,1000.00000,36.20000,90.00000,0.28518,0.02192,0.04400,0.70875,0.42650
0.00000,0.00000,1000.00000,66.20000,60.00000,0.24430,0.02192,0.03600,0.67767,0.35585
0.00000,0.00000,1000.00000,26.20000,100.00000,0.26231,0.02192,0.03900,0.69569,0.40483
0.00000,0.00000,1000.00000,86.20000,40.00000,0.19124,0.02192,0.02700,0.63456,0.25285
0.00000,0.00000,1000.00000,56.20000,70.00000,0.25839,0.02192,0.02800,0.69052,0.38558
0.00000,0.00000,1000.00000,106.20000,20.00000,0.18675,0.02192,0.02200,0.64220,0.26764
0.00000,0.00000,1000.00000,96.20000,30.00000,0.18842,0.02192,0.02300,0.64123,0.26271
0.00000,0.00000,1000.00000,76.20000,50.00000,0.22735,0.02192,0.03500,0.66754,0.33050
0.00000,0.00000,1000.00000,46.20000,80.00000,0.24801,0.02192,0.03400,0.67806,0.35628
0.00000,0.00000,1000.00000,36.20000,90.00000,0.26823,0.02192,0.03100,0.69928,0.40727
0.00000,0.00000,1000.00000,66.20000,60.00000,0.23143,0.02192,0.03100,0.67427,0.34575
0.00000,0.00000,1000.00000,26.20000,100.00000,0.27129,0.02192,0.04600,0.68914,0.38019
0.00000,0.00000,1000.00000,86.20000,40.00000,0.20114,0.02192,0.03300,0.63808,0.26043
0.00000,0.00000,1000.00000,56.20000,70.00000,0.25612,0.02192,0.03000,0.68212,0.36934
0.00000,0.00000,1000.00000,106.20000,20.00000,0.16117,0.02192,0.02100,0.61752,0.20771
0.00000,0.00000,1000.00000,96.20000,30.00000,0.17908,0.02192,0.02800,0.63092,0.24188
0.00000,0.00000,1000.00000,76.20000,50.00000,0.21849,0.02192,0.03100,0.66530,0.32445
0.00000,0.00000,1000.00000,46.20000,80.00000,0.27029,0.02192,0.03900,0.69060,0.38729
0.00000,0.00000,1000.00000,36.20000,90.00000,0.28086,0.02192,0.03500,0.71462,0.45227
0.00000,0.00000,1000.00000,66.20000,60.00000,0.24980,0.02192,0.03300,0.69265,0.39956
0.00000,0.00000,1000.00000,26.20000,100.00000,0.26706,0.02192,0.04200,0.68716,0.38488
0.00000,0.00000,1000.00000,86.20000,40.00000,0.19122,0.02192,0.02700,0.63456,0.25283
0.00000,0.00000,1000.00000,56.20000,70.00000,0.24890,0.02192,0.03300,0.67815,0.35731
0.00000,0.00000,1000.00000,106.20000,20.00000,0.17337,0.02192,0.03000,0.62091,0.21681
0.00000,0.00000,1000.00000,96.20000,30.00000,0.18841,0.02192,0.02300,0.64123,0.26270
0.00000,0.00000,1000.00000,76.20000,50.00000,0.23403,0.02192,0.03400,0.67442,0.34701
0.00000,0.00000,1000.00000,46.20000,80.00000,0.24802,0.02192,0.03400,0.67806,0.35629
0.00000,0.00000,1000.00000,36.20000,90.00000,0.28141,0.02192,0.03900,0.70982,0.43782
0.00000,0.00000,1000.00000,66.20000,60.00000,0.23682,0.02192,0.02900,0.67213,0.33949
0.00000,0.00000,1000.00000,26.20000,100.00000,0.27316,0.02192,0.04400,0.70049,0.40842
0.00000,0.00000,1000.00000,86.20000,40.00000,0.20114,0.02192,0.03300,0.63808,0.26043
0.00000,0.00000,1000.00000,56.20000,70.00000,0.25399,0.02192,0.02900,0.68518,0.37052
0.00000,0.00000,1000.00000,106.20000,20.00000,0.16117,0.02192,0.02100,0.61752,0.20771
0.00000,0.00000,1000.00000,96.20000,30.00000,0.17682,0.02192,0.02500,0.64068,0.27055
0.00000,0.00000,1000.00000,76.20000,50.00000,0.22571,0.02192,0.03100,0.67587,0.34600
0.00000,0.00000,1000.00000,46.20000,80.00000,0.27030,0.02192,0.03900,0.69060,0.38729
0.00000,0.00000,1000.00000,36.20000,90.00000,0.28512,0.02192,0.04400,0.71013,0.43290
0.00000,0.00000,1000.00000,66.20000,60.00000,0.24501,0.02192,0.03500,0.68011,0.36047
0.00000,0.00000,1000.00000,26.20000,100.00000,0.28236,0.02192,0.03000,0.71690,0.46037
0.00000,0.00000,1000.00000,86.20000,40.00000,0.19123,0.02192,0.02700,0.63456,0.25283
0.00000,0.00000,1000.00000,56.20000,70.00000,0.25463,0.02192,0.02900,0.68669,0.37777
0.00000,0.00000,1000.00000,106.20000,20.00000,0.17335,0.02192,0.03000,0.62091,0.21679
0.00000,0.00000,1000.00000,96.20000,30.00000,0.19610,0.02192,0.02500,0.65930,0.31065
0.00000,0.00000,1000.00000,76.20000,50.00000,0.23877,0.02192,0.03400,0.67846,0.35828
0.00000,0.00000,1000.00000,46.20000,80.00000,0.26779,0.02192,0.03600,0.69324,0.39382
0.00000,0.00000,1000.00000,36.20000,90.00000,0.26224,0.02192,0.03700,0.68830,0.38174
0.00000,0.00000,1000.00000,66.20000,60.00000,0.23514,0.02192,0.02700,0.67206,0.34254
0.00000,0.00000,1000.00000,26.20000,100.00000,0.28049,0.02192,0.03900,0.71163,0.44297
0.00000,0.00000,1000.00000,86.20000,40.00000,0.20114,0.02192,0.03300,0.63808,0.26043
0.00000,0.00000,1000.00000,56.20000,70.00000,0.24877,0.02192,0.02700,0.68833,0.37735
0.00000,0.00000,1000.00000,106.20000,20.00000,0.16119,0.02192,0.02100,0.61753,0.20774
0.00000,0.00000,1000.00000,96.20000,30.00000,0.20428,0.02192,0.03100,0.65234,0.29341
0.00000,0.00000,1000.00000,76.20000,50.00000,0.21972,0.02192,0.02200,0.66497,0.32557
0.00000,0.00000,1000.00000,46.20000,80.00000,0.27011,0.02192,0.03800,0.69170,0.39124
0.00000,0.00000,1000.00000,36.20000,90.00000,0.25787,0.02192,0.04300,0.68665,0.37500
0.00000,0.00000,1000.00000,66.20000,60.00000,0.25317,0.02192,0.03100,0.68376,0.36911
0.00000,0.00000,1000.00000,26.20000,100.00000,0.29071,0.02192,0.04900,0.71785,0.45391
0.00000,0.00000,1000.00000,86.20000,40.00000,0.19124,0.02192,0.02700,0.63456,0.25285
0.00000,0.00000,1000.00000,56.20000,70.00000,0.26124,0.02192,0.03400,0.69482,0.39670
0.00000,0.00000,1000.00000,106.20000,20.00000,0.17341,0.02192,0.03000,0.62092,0.21685
0.00000,0.00000,1000.00000,96.20000,30.00000,0.18290,0.02192,0.02600,0.64100,0.26535
0.00000,0.00000,1000.00000,76.20000,50.00000,0.23299,0.02192,0.03600,0.66975,0.33851
0.00000,0.00000,1000.00000,46.20000,80.00000,0.27320,0.02192,0.04000,0.71040,0.43342
0.00000,0.00000,1000.00000,36.20000,90.00000,0.27455,0.02192,0.03000,0.70238,0.41306
0.00000,0.00000,1000.00000,66.20000,60.00000,0.23148,0.02192,0.02500,0.67639,0.34835
0.00000,0.00000,1000.00000,26.20000,100.00000,0.27129,0.02192,0.04600,0.68913,0.38019
0.00000,0.00000,1000.00000,86.20000,40.00000,0.20115,0.02192,0.03300,0.63808,0.26043
0.00000,0.00000,1000.00000,56.20000,70.00000,0.25176,0.02192,0.03000,0.68764,0.37996
0.00000,0.00000,1000.00000,106.20000,20.00000,0.18294,0.02192,0.02100,0.64051,0.26140
0.00000,0.00000,1000.00000,96.20000,30.00000,0.17875,0.02192,0.01900,0.63965,0.25818
0.00000,0.00000,1000.00000,76.20000,50.00000,0.22960,0.02192,0.02200,0.67832,0.35744
0.00000,0.00000,1000.00000,46.20000,80.00000,0.27082,0.02192,0.03600,0.70625,0.42653
0.00000,0.00000,1000.00000,36.20000,90.00000,0.27372,0.02192,0.04000,0.70251,0.41414
0.00000,0.00000,1000.00000,66.20000,60.00000,0.24226,0.02192,0.03900,0.68072,0.36616
0.00000,0.00000,1000.00000,26.20000,100.00000,0.26706,0.02192,0.04200,0.68715,0.38487
0.00000,0.00000,1000.00000,86.20000,40.00000,0.19120,0.02192,0.02700,0.63455,0.25280
0.00000,0.00000,1000.00000,56.20000,70.00000,0.23232,0.02192,0.02800,0.68083,0.36276
0.00000,0.00000,1000.00000,106.20000,20.00000,0.18677,0.02192,0.02200,0.64221,0.26767
0.00000,0.00000,1000.00000,96.20000,30.00000,0.18449,0.02192,0.03200,0.64000,0.26406
0.00000,0.00000,1000.00000,76.20000,50.00000,0.23381,0.02192,0.03200,0.67706,0.35628
0.00000,0.00000,1000.00000,46.20000,80.00000,0.27129,0.02192,0.02900,0.70260,0.41272
0.00000,0.00000,1000.00000,36.20000,90.00000,0.28885,0.02192,0.04300,0.72038,0.47018
0.00000,0.00000,1000.00000,66.20000,60.00000,0.23681,0.02192,0.02900,0.67213,0.33949
0.00000,0.00000,1000.00000,26.20000,100.00000,0.29515,0.02192,0.04500,0.71290,0.44322
0.00000,0.00000,1000.00000,86.20000,40.00000,0.20113,0.02192,0.03300,0.63807,0.26041
0.00000,0.00000,1000.00000,56.20000,70.00000,0.25607,0.02192,0.03000,0.68209,0.36927
0.00000,0.00000,1000.00000,106.20000,20.00000,0.16114,0.02192,0.02100,0.61751,0.20768
0.00000,0.00000,1000.00000,96.20000,30.00000,0.19512,0.02192,0.02100,0.64797,0.28273
0.00000,0.00000,1000.00000,76.20000,50.00000,0.22739,0.02192,0.03100,0.67330,0.34486
0.00000,0.00000,1000.00000,46.20000,80.00000,0.26646,0.02192,0.03500,0.69645,0.40299
0.00000,0.00000,1000.00000,36.20000,90.00000,0.27803,0.02192,0.03500,0.70917,0.43021
0.00000,0.00000,1000.00000,66.20000,60.00000,0.24500,0.02192,0.03500,0.68012,0.36047
0.00000,0.00000,1000.00000,26.20000,100.00000,0.26161,0.02192,0.03000,0.69200,0.39125
0.00000,0.00000,1000.00000,86.20000,40.00000,0.19125,0.02192,0.02700,0.63457,0.25287
0.00000,0.00000,1000.00000,56.20000,70.00000,0.24886,0.02192,0.03300,0.67813,0.35726
0.00000,0.00000,1000.00000,106.20000,20.00000,0.17339,0.02192,0.03000,0.62091,0.21683
0.00000,0.00000,1000.00000,96.20000,30.00000,0.17980,0.02192,0.02900,0.63368,0.24569
0.00000,0.00000,1000.00000,76.20000,50.00000,0.21090,0.02192,0.02600,0.66261,0.31813
0.00000,0.00000,1000.00000,46.20000,80.00000,0.26059,0.02192,0.02800,0.69167,0.38944
0.00000,0.00000,1000.00000,36.20000,90.00000,0.27195,0.02192,0.03500,0.69924,0.40824
0.00000,0.00000,1000.00000,66.20000,60.00000,0.23516,0.02192,0.02700,0.67207,0.34257
0.00000,0.00000,1000.00000,26.20000,100.00000,0.28929,0.02192,0.04100,0.71232,0.44253
0.00000,0.00000,1000.00000,86.20000,40.00000,0.20119,0.02192,0.03300,0.63810,0.26048
0.00000,0.00000,1000.00000,56.20000,70.00000,0.25798,0.02192,0.04100,0.68933,0.38420
0.00000,0.00000,1000.00000,106.20000,20.00000,0.16116,0.02192,0.02100,0.61752,0.20771
0.00000,0.00000,1000.00000,96.20000,30.00000,0.19510,0.02192,0.02100,0.64796,0.28270
0.00000,0.00000,1000.00000,76.20000,50.00000,0.22215,0.02192,0.03400,0.66746,0.33416
0.00000,0.00000,1000.00000,46.20000,80.00000,0.26609,0.02192,0.04200,0.69267,0.39133
0.00000,0.00000,1000.00000,36.20000,90.00000,0.27675,0.02192,0.03400,0.70545,0.42385
0.00000,0.00000,1000.00000,66.20000,60.00000,0.25317,0.02192,0.03100,0.68377,0.36913
0.00000,0.00000,1000.00000,26.20000,100.00000,0.28834,0.02192,0.03600,0.71269,0.45102
0.00000,0.00000,1000.00000,86.20000,40.00000,0.19123,0.02192,0.02700,0.63456,0.25284
0.00000,0.00000,1000.00000,56.20000,70.00000,0.25352,0.02192,0.03700,0.68585,0.38562
0.00000,0.00000,1000.00000,106.20000,20.00000,0.17341,0.02192,0.03000,0.62092,0.21686
0.00000,0.00000,1000.00000,96.20000,30.00000,0.17979,0.02192,0.02900,0.63367,0.24567
0.00000,0.00000,1000.00000,76.20000,50.00000,0.21822,0.02192,0.02600,0.66382,0.31984
0.00000,0.00000,1000.00000,46.20000,80.00000,0.27127,0.02192,0.02900,0.70259,0.41270
0.00000,0.00000,1000.00000,36.20000,90.00000,0.26481,0.02192,0.04200,0.68473,0.37599
0.00000,0.00000,1000.00000,66.20000,60.00000,0.24216,0.02192,0.03700,0.67431,0.34970
0.00000,0.00000,1000.00000,26.20000,100.00000,0.26848,0.02192,0.04000,0.69715,0.40458
0.00000,0.00000,1000.00000,86.20000,40.00000,0.20115,0.02192,0.03300,0.63808,0.26043
0.00000,0.00000,1000.00000,56.20000,70.00000,0.25645,0.02192,0.03700,0.68234,0.37212
0.00000,0.00000,1000.00000,106.20000,20.00000,0.16115,0.02192,0.02100,0.61751,0.20770
0.00000,0.00000,1000.00000,96.20000,30.00000,0.17911,0.02192,0.02800,0.63094,0.24192
0.00000,0.00000,1000.00000,76.20000,50.00000,0.20833,0.02192,0.03300,0.66392,0.32021
0.00000,0.00000,1000.00000,46.20000,80.00000,0.26645,0.02192,0.03500,0.69645,0.40299
0.00000,0.00000,1000.00000,36.20000,90.00000,0.27078,0.02192,0.04300,0.69029,0.38869
0.00000,0.00000,1000.00000,66.20000,60.00000,0.23907,0.02192,0.02600,0.68209,0.36563
0.00000,0.00000,1000.00000,26.20000,100.00000,0.29162,0.02192,0.04800,0.70924,0.43171
0.00000,0.00000,1000.00000,86.20000,40.00000,0.19122,0.02192,0.02700,0.63456,0.25283
0.00000,0.00000,1000.00000,56.20000,70.00000,0.25840,0.02192,0.02800,0.69053,0.38560
0.00000,0.00000,1000.00000,106.20000,20.00000,0.17338,0.02192,0.03000,0.62091,0.21681
0.00000,0.00000,1000.00000,96.20000,30.00000,0.18840,0.02192,0.02300,0.64123,0.26269
0.00000,0.00000,1000.00000,76.20000,50.00000,0.20957,0.02192,0.02600,0.66583,0.32725
0.00000,0.00000,1000.00000,46.20000,80.00000,0.24804,0.02192,0.03400,0.67806,0.35630
0.00000,0.00000,1000.00000,36.20000,90.00000,0.26998,0.02192,0.04400,0.68772,0.38306
0.00000,0.00000,1000.00000,66.20000,60.00000,0.23606,0.02192,0.02700,0.68402,0.37377
0.00000,0.00000,1000.00000,26.20000,100.00000,0.27129,0.02192,0.04600,0.68913,0.38019
0.00000,0.00000,1000.00000,86.20000,40.00000,0.20113,0.02192,0.03300,0.63808,0.26042
0.00000,0.00000,1000.00000,56.20000,70.00000,0.25599,0.02192,0.03100,0.68696,0.37891
0.00000,0.00000,1000.00000,106.20000,20.00000,0.18295,0.02192,0.02100,0.64051,0.26141
0.00000,0.00000,1000.00000,96.20000,30.00000,0.19874,0.02192,0.02900,0.64896,0.28232
0.00000,0.00000,1000.00000,76.20000,50.00000,0.22486,0.02192,0.02900,0.67263,0.34160
0.00000,0.00000,1000.00000,46.20000,80.00000,0.27029,0.02192,0.03900,0.69059,0.38728
0.00000,0.00000,1000.00000,36.20000,90.00000,0.28254,0.02192,0.03800,0.71402,0.44539
0.00000,0.00000,1000.00000,66.20000,60.00000,0.24099,0.02192,0.03400,0.68091,0.36273
0.00000,0.00000,1000.00000,26.20000,100.00000,0.26706,0.02192,0.04200,0.68716,0.38489
0.00000,0.00000,1000.00000,86.20000,40.00000,0.19121,0.02192,0.02700,0.63456,0.25282
0.00000,0.00000,1000.00000,56.20000,70.00000,0.24808,0.02192,0.03600,0.67912,0.36306
0.00000,0.00000,1000.00000,106.20000,20.00000,0.18677,0.02192,0.02200,0.64221,0.26766
0.00000,0.00000,1000.00000,96.20000,30.00000,0.20721,0.02192,0.03300,0.65214,0.29089
0.00000,0.00000,1000.00000,76.20000,50.00000,0.23875,0.02192,0.03400,0.67846,0.35828
0.00000,0.00000,1000.00000,46.20000,80.00000,0.26780,0.02192,0.03600,0.69324,0.39383
0.00000,0.00000,1000.00000,36.20000,90.00000,0.26388,0.02192,0.03600,0.69909,0.40742
0.00000,0.00000,1000.00000,66.20000,60.00000,0.24856,0.02192,0.04000,0.67972,0.36620
0.00000,0.00000,1000.00000,26.20000,100.00000,0.28028,0.02192,0.04400,0.70029,0.41063
0.00000,0.00000,1000.00000,86.20000,40.00000,0.20115,0.02192,0.03300,0.63808,0.26044
0.00000,0.00000,1000.00000,56.20000,70.00000,0.25397,0.02192,0.02900,0.68518,0.37051
0.00000,0.00000,1000.00000,106.20000,20.00000,0.16115,0.02192,0.02100,0.61752,0.20770
0.00000,0.00000,1000.00000,96.20000,30.00000,0.20429,0.02192,0.03100,0.65235,0.29344
0.00000,0.00000,1000.00000,76.20000,50.00000,0.21969,0.02192,0.02200,0.66496,0.32554
0.00000,0.00000,1000.00000,46.20000,80.00000,0.27011,0.02192,0.03800,0.69170,0.39124
0.00000,0.00000,1000.00000,36.20000,90.00000,0.26433,0.02192,0.04200,0.70232,0.41997
0.00000,0.00000,1000.00000,66.20000,60.00000,0.24431,0.02192,0.03600,0.67766,0.35584
0.00000,0.00000,1000.00000,26.20000,100.00000,0.29466,0.02192,0.04600,0.70973,0.43628
0.00000,0.00000,1000.00000,86.20000,40.00000,0.19123,0.02192,0.02700,0.63456,0.25284
0.00000,0.00000,1000.00000,56.20000,70.00000,0.25465,0.02192,0.02900,0.68669,0.37776
0.00000,0.00000,1000.00000,106.20000,20.00000,0.17339,0.02192,0.03000,0.62091,0.21683
0.00000,0.00000,1000.00000,96.20000,30.00000,0.18292,0.02192,0.02600,0.64101,0.26538
0.00000,1.00000,5000.00000,91.20000,35.00000,0.20543,0.00980,0.03200,0.66423,0.32554
0.00000,1.00000,5000.00000,116.20000,10.00000,0.15048,0.00980,0.02600,0.63503,0.25351
0.00000,1.00000,5000.00000,41.20000,85.00000,0.26387,0.00980,0.03260,0.70126,0.41614
0.00000,1.00000,5000.00000,91.20000,35.00000,0.20378,0.00980,0.02900,0.66612,0.33059
0.00000,1.00000,5000.00000,116.20000,10.00000,0.15204,0.00980,0.02420,0.63127,0.24243
0.00000,1.00000,5000.00000,41.20000,85.00000,0.26453,0.00980,0.04020,0.70221,0.42103
0.00000,1.00000,5000.00000,91.20000,35.00000,0.19757,0.00980,0.02400,0.65912,0.31305
0.00000,1.00000,5000.00000,116.20000,10.00000,0.15067,0.00980,0.02580,0.63109,0.24838
0.00000,1.00000,5000.00000,41.20000,85.00000,0.27189,0.00980,0.03800,0.70780,0.43090
0.00000,1.00000,5000.00000,91.20000,35.00000,0.19686,0.00980,0.02880,0.65855,0.30781
0.00000,1.00000,5000.00000,116.20000,10.00000,0.15091,0.00980,0.02700,0.63142,0.24587
0.00000,1.00000,5000.00000,41.20000,85.00000,0.26601,0.00980,0.03840,0.70285,0.41772
0.00000,1.00000,5000.00000,91.20000,35.00000,0.20091,0.00980,0.03080,0.66163,0.32081
0.00000,1.00000,5000.00000,116.20000,10.00000,0.15517,0.00980,0.02800,0.63395,0.25169
0.00000,1.00000,5000.00000,41.20000,85.00000,0.26691,0.00980,0.04120,0.70449,0.42167
0.00000,1.00000,5000.00000,91.20000,35.00000,0.19787,0.00980,0.02320,0.66067,0.31619
0.00000,1.00000,5000.00000,116.20000,10.00000,0.14840,0.00980,0.02880,0.63330,0.25165
0.00000,1.00000,5000.00000,41.20000,85.00000,0.26761,0.00980,0.03340,0.70438,0.42298
0.00000,1.00000,5000.00000,91.20000,35.00000,0.20385,0.00980,0.02920,0.66472,0.32810
0.00000,1.00000,5000.00000,116.20000,10.00000,0.14743,0.00980,0.02680,0.63026,0.23953
0.00000,1.00000,5000.00000,41.20000,85.00000,0.26651,0.00980,0.04020,0.70460,0.42593
0.00000,1.00000,5000.00000,91.20000,35.00000,0.20766,0.00980,0.02720,0.66532,0.32773
0.00000,1.00000,5000.00000,116.20000,10.00000,0.14663,0.00980,0.02180,0.62640,0.23248
0.00000,1.00000,5000.00000,41.20000,85.00000,0.27282,0.00980,0.04200,0.70832,0.43320
0.00000,1.00000,5000.00000,91.20000,35.00000,0.19984,0.00980,0.02620,0.66064,0.31394
0.00000,1.00000,5000.00000,116.20000,10.00000,0.14669,0.00980,0.02440,0.62964,0.24156
0.00000,1.00000,5000.00000,41.20000,85.00000,0.26947,0.00980,0.03740,0.70616,0.42536
0.00000,1.00000,5000.00000,91.20000,35.00000,0.19893,0.00980,0.02600,0.65921,0.31382
0.00000,1.00000,5000.00000,116.20000,10.00000,0.14779,0.00980,0.02500,0.63069,0.24859
0.00000,1.00000,5000.00000,41.20000,85.00000,0.26937,0.00980,0.04040,0.70572,0.42574
0.00000,1.00000,5000.00000,91.20000,35.00000,0.20365,0.00980,0.03060,0.66583,0.32864
0.00000,1.00000,5000.00000,116.20000,10.00000,0.14964,0.00980,0.02440,0.63217,0.24260
0.00000,1.00000,5000.00000,41.20000,85.00000,0.26685,0.00980,0.03800,0.70026,0.41148
0.00000,1.00000,5000.00000,91.20000,35.00000,0.19935,0.00980,0.02840,0.66252,0.32090
0.00000,1.00000,5000.00000,116.20000,10.00000,0.14800,0.00980,0.02340,0.62850,0.24102
0.00000,1.00000,5000.00000,41.20000,85.00000,0.26581,0.00980,0.03420,0.70706,0.42965
0.00000,1.00000,5000.00000,91.20000,35.00000,0.20076,0.00980,0.02960,0.66284,0.32372
0.00000,1.00000,5000.00000,116.20000,10.00000,0.15527,0.00980,0.03220,0.63455,0.25838
0.00000,1.00000,5000.00000,41.20000,85.00000,0.27055,0.00980,0.03780,0.70556,0.42515
0.00000,1.00000,5000.00000,91.20000,35.00000,0.20318,0.00980,0.02920,0.66436,0.32977
0.00000,1.00000,5000.00000,116.20000,10.00000,0.15182,0.00980,0.02620,0.63014,0.24096
0.00000,1.00000,5000.00000,41.20000,85.00000,0.26354,0.00980,0.03460,0.70146,0.41543
0.00000,1.00000,5000.00000,91.20000,35.00000,0.19880,0.00980,0.03020,0.66074,0.31758
0.00000,1.00000,5000.00000,116.20000,10.00000,0.14662,0.00980,0.02740,0.63157,0.24254
0.00000,1.00000,5000.00000,41.20000,85.00000,0.26177,0.00980,0.03340,0.70345,0.42168
0.00000,1.00000,5000.00000,91.20000,35.00000,0.19981,0.00980,0.02780,0.65954,0.31251
0.00000,1.00000,5000.00000,116.20000,10.00000,0.14560,0.00980,0.02020,0.62843,0.23281
0.00000,1.00000,5000.00000,41.20000,85.00000,0.26858,0.00980,0.03700,0.70516,0.42413
0.00000,1.00000,5000.00000,91.20000,35.00000,0.20430,0.00980,0.02760,0.66613,0.32919
0.00000,1.00000,5000.00000,116.20000,10.00000,0.14935,0.00980,0.02240,0.63063,0.23997
0.00000,1.00000,5000.00000,41.20000,85.00000,0.26740,0.00980,0.03680,0.70126,0.41440
0.00000,1.00000,5000.00000,91.20000,35.00000,0.20468,0.00980,0.02300,0.66065,0.31727
0.00000,1.00000,5000.00000,116.20000,10.00000,0.14923,0.00980,0.02660,0.63406,0.25480
0.00000,1.00000,5000.00000,41.20000,85.00000,0.27480,0.00980,0.03640,0.71336,0.44656
0.00000,1.00000,5000.00000,91.20000,35.00000,0.19891,0.00980,0.03200,0.65849,0.31270
0.00000,1.00000,5000.00000,116.20000,10.00000,0.15222,0.00980,0.02640,0.63341,0.24917
0.00000,1.00000,5000.00000,41.20000,85.00000,0.26598,0.00980,0.04020,0.70291,0.42294
0.00000,1.00000,5000.00000,91.20000,35.00000,0.19952,0.00980,0.02640,0.66153,0.31553
0.00000,1.00000,5000.00000,116.20000,10.00000,0.14971,0.00980,0.02520,0.62910,0.23937
0.00000,1.00000,5000.00000,41.20000,85.00000,0.26589,0.00980,0.03300,0.70310,0.41662
0.00000,1.00000,5000.00000,91.20000,35.00000,0.19670,0.00980,0.03140,0.65962,0.31018
0.00000,1.00000,5000.00000,116.20000,10.00000,0.15400,0.00980,0.03140,0.63557,0.26012
0.00000,1.00000,5000.00000,41.20000,85.00000,0.27167,0.00980,0.03900,0.70444,0.42272
0.00000,1.00000,5000.00000,91.20000,35.00000,0.19304,0.00980,0.02260,0.65772,0.30953
0.00000,1.00000,5000.00000,116.20000,10.00000,0.14533,0.00980,0.02360,0.62871,0.24158
0.00000,1.00000,5000.00000,41.20000,85.00000,0.27164,0.00980,0.03820,0.70755,0.42994
0.00000,1.00000,5000.00000,91.20000,35.00000,0.21133,0.00980,0.03100,0.67001,0.34415
0.00000,1.00000,5000.00000,116.20000,10.00000,0.14480,0.00980,0.02480,0.62803,0.23792
0.00000,1.00000,5000.00000,41.20000,85.00000,0.26918,0.00980,0.03640,0.70381,0.42239
0.00000,1.00000,5000.00000,91.20000,35.00000,0.20246,0.00980,0.02540,0.66214,0.32438
0.00000,1.00000,5000.00000,116.20000,10.00000,0.15272,0.00980,0.02220,0.63108,0.24311
0.00000,1.00000,5000.00000,41.20000,85.00000,0.26014,0.00980,0.03720,0.69827,0.40801
0.00000,1.00000,5000.00000,91.20000,35.00000,0.19763,0.00980,0.02760,0.65933,0.31177
0.00000,1.00000,5000.00000,116.20000,10.00000,0.15306,0.00980,0.02940,0.63254,0.24855
0.00000,1.00000,5000.00000,41.20000,85.00000,0.27338,0.00980,0.03700,0.70687,0.42910
0.00000,1.00000,5000.00000,91.20000,35.00000,0.19998,0.00980,0.02920,0.66370,0.32403
0.00000,1.00000,5000.00000,116.20000,10.00000,0.14765,0.00980,0.02280,0.63222,0.25149
0.00000,1.00000,5000.00000,41.20000,85.00000,0.26904,0.00980,0.03580,0.70645,0.42608
0.00000,1.00000,5000.00000,91.20000,35.00000,0.19876,0.00980,0.02720,0.65883,0.31393
0.00000,1.00000,5000.00000,116.20000,10.00000,0.15134,0.00980,0.02760,0.63387,0.25358
0.00000,1.00000,5000.00000,41.20000,85.00000,0.26098,0.00980,0.03480,0.70158,0.41682
0.00000,1.00000,5000.00000,91.20000,35.00000,0.20244,0.00980,0.02960,0.66237,0.31997
0.00000,1.00000,5000.00000,116.20000,10.00000,0.15025,0.00980,0.02660,0.63380,0.25193
0.00000,1.00000,5000.00000,41.20000,85.00000,0.27182,0.00980,0.04000,0.70919,0.43235
0.00000,1.00000,5000.00000,91.20000,35.00000,0.19580,0.00980,0.02440,0.65915,0.31420
0.00000,1.00000,5000.00000,116.20000,10.00000,0.14825,0.00980,0.02700,0.62981,0.23884
0.00000,1.00000,5000.00000,41.20000,85.00000,0.26269,0.00980,0.03500,0.70097,0.41349
0.00000,1.00000,5000.00000,91.20000,35.00000,0.19759,0.00980,0.02760,0.65816,0.31650
0.00000,1.00000,5000.00000,116.20000,10.00000,0.14891,0.00980,0.02560,0.63135,0.24272
0.00000,1.00000,5000.00000,41.20000,85.00000,0.26623,0.00980,0.03600,0.70167,0.41522
0.00000,1.00000,5000.00000,91.20000,35.00000,0.20105,0.00980,0.02660,0.66315,0.32429
0.00000,1.00000,5000.00000,116.20000,10.00000,0.14773,0.00980,0.02660,0.63098,0.24321
0.00000,1.00000,5000.00000,41.20000,85.00000,0.26303,0.00980,0.03740,0.70277,0.41884
0.00000,1.00000,5000.00000,91.20000,35.00000,0.20121,0.00980,0.03020,0.66025,0.31518
0.00000,1.00000,5000.00000,116.20000,10.00000,0.15271,0.00980,0.02840,0.63211,0.24548
0.00000,1.00000,5000.00000,41.20000,85.00000,0.26397,0.00980,0.03540,0.70121,0.41363
0.00000,1.00000,5000.00000,91.20000,35.00000,0.20011,0.00980,0.02620,0.65921,0.31318
0.00000,1.00000,5000.00000,116.20000,10.00000,0.15078,0.00980,0.02500,0.63519,0.25665
0.00000,1.00000,5000.00000,41.20000,85.00000,0.26124,0.00980,0.03760,0.69952,0.40873
0.00000,1.00000,5000.00000,91.20000,35.00000,0.20672,0.00980,0.02440,0.66258,0.32220
0.00000,1.00000,5000.00000,116.20000,10.00000,0.15181,0.00980,0.02480,0.63214,0.25061
0.00000,1.00000,5000.00000,41.20000,85.00000,0.27309,0.00980,0.03740,0.70859,0.43376
0.00000,1.00000,5000.00000,91.20000,35.00000,0.20085,0.00980,0.03620,0.66260,0.32153
0.00000,1.00000,5000.00000,116.20000,10.00000,0.14602,0.00980,0.02560,0.62883,0.23350
0.00000,1.00000,5000.00000,41.20000,85.00000,0.27334,0.00980,0.03900,0.70908,0.43451
0.00000,1.00000,5000.00000,91.20000,35.00000,0.20291,0.00980,0.02840,0.66204,0.31986
0.00000,1.00000,5000.00000,116.20000,10.00000,0.15014,0.00980,0.02700,0.63102,0.24631
0.00000,1.00000,5000.00000,41.20000,85.00000,0.26234,0.00980,0.03440,0.70120,0.41532
0.00000,1.00000,5000.00000,91.20000,35.00000,0.19893,0.00980,0.03000,0.66197,0.31812
0.00000,1.00000,5000.00000,116.20000,10.00000,0.14423,0.00980,0.02680,0.62882,0.23600
0.00000,1.00000,5000.00000,41.20000,85.00000,0.27149,0.00980,0.03520,0.70422,0.42065
0.00000,1.00000,5000.00000,91.20000,35.00000,0.20215,0.00980,0.02980,0.66459,0.32670
0.00000,1.00000,5000.00000,116.20000,10.00000,0.15206,0.00980,0.02740,0.63391,0.24766
0.00000,1.00000,5000.00000,41.20000,85.00000,0.26333,0.00980,0.03640,0.69748,0.40541
0.00000,1.00000,5000.00000,91.20000,35.00000,0.19595,0.00980,0.02660,0.65607,0.30363
0.00000,1.00000,5000.00000,116.20000,10.00000,0.15323,0.00980,0.02700,0.63360,0.25059
0.00000,1.00000,5000.00000,41.20000,85.00000,0.26669,0.00980,0.03580,0.70511,0.42624
0.00000,1.00000,5000.00000,91.20000,35.00000,0.20148,0.00980,0.02860,0.66237,0.32343
0.00000,1.00000,5000.00000,116.20000,10.00000,0.14804,0.00980,0.02520,0.63101,0.24159
0.00000,1.00000,5000.00000,41.20000,85.00000,0.26169,0.00980,0.03500,0.70145,0.41796
0.00000,1.00000,5000.00000,91.20000,35.00000,0.20231,0.00980,0.03000,0.66207,0.32134
0.00000,1.00000,5000.00000,116.20000,10.00000,0.14682,0.00980,0.02940,0.63182,0.24693
0.00000,1.00000,5000.00000,41.20000,85.00000,0.27049,0.00980,0.03760,0.70732,0.43221
0.00000,1.00000,5000.00000,91.20000,35.00000,0.19913,0.00980,0.03340,0.66003,0.31494
0.00000,1.00000,5000.00000,116.20000,10.00000,0.15190,0.00980,0.02920,0.63240,0.24748
0.00000,1.00000,5000.00000,41.20000,85.00000,0.26704,0.00980,0.03760,0.70224,0.41922
0.00000,1.00000,5000.00000,91.20000,35.00000,0.19779,0.00980,0.02760,0.66062,0.31751
0.00000,1.00000,5000.00000,116.20000,10.00000,0.15270,0.00980,0.02580,0.63374,0.25067
0.00000,1.00000,5000.00000,41.20000,85.00000,0.26596,0.00980,0.03840,0.70049,0.41146
0.00000,1.00000,5000.00000,91.20000,35.00000,0.20366,0.00980,0.02620,0.66427,0.32732
0.00000,1.00000,5000.00000,116.20000,10.00000,0.15145,0.00980,0.02640,0.63378,0.24974
0.00000,1.00000,5000.00000,41.20000,85.00000,0.26792,0.00980,0.04360,0.70619,0.43015
0.00000,1.00000,5000.00000,91.20000,35.00000,0.19708,0.00980,0.02900,0.66117,0.31915
0.00000,1.00000,5000.00000,116.20000,10.00000,0.15414,0.00980,0.03100,0.63491,0.25873
0.00000,1.00000,5000.00000,41.20000,85.00000,0.26844,0.00980,0.03880,0.70182,0.41627
0.00000,1.00000,5000.00000,91.20000,35.00000,0.19850,0.00980,0.02860,0.66183,0.32007
0.00000,1.00000,5000.00000,116.20000,10.00000,0.14821,0.00980,0.02620,0.63150,0.24380
0.00000,1.00000,5000.00000,41.20000,85.00000,0.26234,0.00980,0.03460,0.70373,0.42307
0.00000,1.00000,5000.00000,91.20000,35.00000,0.20180,0.00980,0.02980,0.66430,0.32605
0.00000,1.00000,5000.00000,116.20000,10.00000,0.14895,0.00980,0.02540,0.62889,0.23680
0.00000,1.00000,5000.00000,41.20000,85.00000,0.26424,0.00980,0.03700,0.70061,0.41125
0.00000,1.00000,5000.00000,91.20000,35.00000,0.20056,0.00980,0.02680,0.66077,0.31764
0.00000,1.00000,5000.00000,116.20000,10.00000,0.14255,0.00980,0.02540,0.62871,0.23530
0.00000,1.00000,5000.00000,41.20000,85.00000,0.27011,0.00980,0.04040,0.70620,0.43121
0.00000,1.00000,5000.00000,91.20000,35.00000,0.19382,0.00980,0.02540,0.65604,0.30641
0.00000,1.00000,5000.00000,116.20000,10.00000,0.15498,0.00980,0.02820,0.63427,0.25328
0.00000,1.00000,5000.00000,41.20000,85.00000,0.26891,0.00980,0.03840,0.70287,0.41847
0.00000,1.00000,5000.00000,91.20000,35.00000,0.19797,0.00980,0.02760,0.65954,0.31482
0.00000,1.00000,5000.00000,116.20000,10.00000,0.15286,0.00980,0.02700,0.63241,0.24465
0.00000,1.00000,5000.00000,41.20000,85.00000,0.27205,0.00980,0.03420,0.70551,0.42426
0.00000,1.00000,5000.00000,91.20000,35.00000,0.19925,0.00980,0.02760,0.66207,0.32048
0.00000,1.00000,5000.00000,116.20000,10.00000,0.14572,0.00980,0.02460,0.62929,0.23625
0.00000,1.00000,5000.00000,41.20000,85.00000,0.25958,0.00980,0.04020,0.70029,0.41573
0.00000,1.00000,5000.00000,91.20000,35.00000,0.19779,0.00980,0.02860,0.65693,0.30512
0.00000,1.00000,5000.00000,116.20000,10.00000,0.14403,0.00980,0.02440,0.62949,0.24302
0.00000,1.00000,5000.00000,41.20000,85.00000,0.26906,0.00980,0.03540,0.70674,0.42723
0.00000,1.00000,5000.00000,91.20000,35.00000,0.20064,0.00980,0.02720,0.66237,0.32336
0.00000,1.00000,5000.00000,116.20000,10.00000,0.15006,0.00980,0.02640,0.63076,0.24437
0.00000,1.00000,5000.00000,41.20000,85.00000,0.26648,0.00980,0.03780,0.70219,0.41494
0.00000,1.00000,5000.00000,91.20000,35.00000,0.19781,0.00980,0.02740,0.65833,0.31166
0.00000,1.00000,5000.00000,116.20000,10.00000,0.14618,0.00980,0.02260,0.62856,0.23293
0.00000,1.00000,5000.00000,41.20000,85.00000,0.27129,0.00980,0.03800,0.70699,0.42697
0.00000,1.00000,5000.00000,91.20000,35.00000,0.20039,0.00980,0.03000,0.66098,0.31673
0.00000,1.00000,5000.00000,116.20000,10.00000,0.14761,0.00980,0.02460,0.62987,0.24165
0.00000,1.00000,5000.00000,41.20000,85.00000,0.26517,0.00980,0.03680,0.70187,0.41887
0.00000,1.00000,5000.00000,91.20000,35.00000,0.19864,0.00980,0.02860,0.65896,0.31591
0.00000,1.00000,5000.00000,116.20000,10.00000,0.15301,0.00980,0.02480,0.63397,0.24943
0.00000,1.00000,5000.00000,41.20000,85.00000,0.26701,0.00980,0.03760,0.70146,0.41591
0.00000,1.00000,5000.00000,91.20000,35.00000,0.20038,0.00980,0.02720,0.66212,0.31953
0.00000,1.00000,5000.00000,116.20000,10.00000,0.14982,0.00980,0.02740,0.63164,0.24610
0.00000,1.00000,5000.00000,41.20000,85.00000,0.27193,0.00980,0.03580,0.70578,0.42502
0.00000,1.00000,5000.00000,91.20000,35.00000,0.20571,0.00980,0.02920,0.66616,0.33169
0.00000,1.00000,5000.00000,116.20000,10.00000,0.15023,0.00980,0.02360,0.63352,0.24856
0.00000,1.00000,5000.00000,41.20000,85.00000,0.27102,0.00980,0.04400,0.70609,0.42811
0.00000,1.00000,5000.00000,91.20000,35.00000,0.20408,0.00980,0.02340,0.65979,0.31691
0.00000,1.00000,5000.00000,116.20000,10.00000,0.14855,0.00980,0.02760,0.63370,0.25524
0.00000,1.00000,5000.00000,41.20000,85.00000,0.26280,0.00980,0.03620,0.70044,0.41110
0.00000,1.00000,5000.00000,91.20000,35.00000,0.20679,0.00980,0.02540,0.66648,0.32904
0.00000,1.00000,5000.00000,116.20000,10.00000,0.15223,0.00980,0.02920,0.63136,0.24185
0.00000,1.00000,5000.00000,41.20000,85.00000,0.27192,0.00980,0.03700,0.70983,0.43988
0.00000,1.00000,5000.00000,91.20000,35.00000,0.19387,0.00980,0.02960,0.65612,0.30454
0.00000,1.00000,5000.00000,116.20000,10.00000,0.14863,0.00980,0.02200,0.62999,0.24256
0.00000,1.00000,5000.00000,41.20000,85.00000,0.26992,0.00980,0.03780,0.70650,0.42566
0.00000,1.00000,5000.00000,91.20000,35.00000,0.20169,0.00980,0.02940,0.66238,0.32083
0.00000,1.00000,5000.00000,116.20000,10.00000,0.15159,0.00980,0.03000,0.63376,0.25451
0.00000,1.00000,5000.00000,41.20000,85.00000,0.26587,0.00980,0.03780,0.70184,0.41683
0.00000,1.00000,5000.00000,91.20000,35.00000,0.20275,0.00980,0.03000,0.66514,0.32623
0.00000,1.00000,5000.00000,116.20000,10.00000,0.15040,0.00980,0.02740,0.63276,0.24635
0.00000,1.00000,5000.00000,41.20000,85.00000,0.26302,0.00980,0.03440,0.70096,0.41335
0.00000,1.00000,5000.00000,91.20000,35.00000,0.19918,0.00980,0.03400,0.66129,0.32075
0.00000,1.00000,5000.00000,116.20000,10.00000,0.14592,0.00980,0.02680,0.62998,0.23735
0.00000,1.00000,5000.00000,41.20000,85.00000,0.26838,0.00980,0.03460,0.70720,0.42876
0.00000,1.00000,5000.00000,91.20000,35.00000,0.19945,0.00980,0.02900,0.66103,0.31902
0.00000,1.00000,5000.00000,116.20000,10.00000,0.15377,0.00980,0.03040,0.63407,0.24967
0.00000,1.00000,5000.00000,41.20000,85.00000,0.26672,0.00980,0.03880,0.70310,0.42183
0.00000,1.00000,5000.00000,91.20000,35.00000,0.19659,0.00980,0.02580,0.65796,0.31077
0.00000,1.00000,5000.00000,116.20000,10.00000,0.14624,0.00980,0.02700,0.63060,0.24347
0.00000,1.00000,5000.00000,41.20000,85.00000,0.26923,0.00980,0.03600,0.70165,0.41473
0.00000,1.00000,5000.00000,91.20000,35.00000,0.20487,0.00980,0.02980,0.66765,0.33516
0.00000,1.00000,5000.00000,116.20000,10.00000,0.14714,0.00980,0.02640,0.62792,0.23591
0.00000,1.00000,5000.00000,41.20000,85.00000,0.25898,0.00980,0.03900,0.69863,0.41455
0.00000,1.00000,5000.00000,91.20000,35.00000,0.20057,0.00980,0.03080,0.66244,0.31975
0.00000,1.00000,5000.00000,116.20000,10.00000,0.14983,0.00980,0.02480,0.63233,0.24457
0.00000,1.00000,5000.00000,41.20000,85.00000,0.27233,0.00980,0.03960,0.70828,0.43231
0.00000,1.00000,5000.00000,91.20000,35.00000,0.20147,0.00980,0.02860,0.66441,0.32771
0.00000,1.00000,5000.00000,116.20000,10.00000,0.14708,0.00980,0.02540,0.62833,0.23729
0.00000,1.00000,5000.00000,41.20000,85.00000,0.26524,0.00980,0.03460,0.70025,0.41122
0.00000,1.00000,5000.00000,91.20000,35.00000,0.19986,0.00980,0.02480,0.66060,0.31659
0.00000,1.00000,5000.00000,116.20000,10.00000,0.15348,0.00980,0.02740,0.63390,0.25360
0.00000,1.00000,5000.00000,41.20000,85.00000,0.27018,0.00980,0.03620,0.70697,0.42794
0.00000,1.00000,5000.00000,91.20000,35.00000,0.19844,0.00980,0.03140,0.66294,0.32203
0.00000,1.00000,5000.00000,116.20000,10.00000,0.14935,0.00980,0.02500,0.63299,0.24522
0.00000,1.00000,5000.00000,41.20000,85.00000,0.27176,0.00980,0.03720,0.70452,0.42074
0.00000,1.00000,5000.00000,91.20000,35.00000,0.19734,0.00980,0.02560,0.66000,0.31342
0.00000,1.00000,5000.00000,116.20000,10.00000,0.15391,0.00980,0.03040,0.63372,0.25296
0.00000,1.00000,5000.00000,41.20000,85.00000,0.26530,0.00980,0.03320,0.70294,0.41949
0.00000,1.00000,5000.00000,91.20000,35.00000,0.20287,0.00980,0.03080,0.66226,0.32092
0.00000,1.00000,5000.00000,116.20000,10.00000,0.15152,0.00980,0.02780,0.63237,0.24415
0.00000,1.00000,5000.00000,41.20000,85.00000,0.26238,0.00980,0.03500,0.70299,0.41862
0.00000,1.00000,5000.00000,91.20000,35.00000,0.20182,0.00980,0.03120,0.66456,0.32768
0.00000,1.00000,5000.00000,116.20000,10.00000,0.15602,0.00980,0.02880,0.63458,0.25267
0.00000,1.00000,5000.00000,41.20000,85.00000,0.26714,0.00980,0.04240,0.70458,0.42381
0.00000,1.00000,5000.00000,91.20000,35.00000,0.19761,0.00980,0.02600,0.65818,0.30947
0.00000,1.00000,5000.00000,116.20000,10.00000,0.15106,0.00980,0.02940,0.63447,0.25393
0.00000,1.00000,5000.00000,41.20000,85.00000,0.26945,0.00980,0.03800,0.70451,0.42279
0.00000,1.00000,5000.00000,91.20000,35.00000,0.19864,0.00980,0.02760,0.66075,0.31794
0.00000,1.00000,5000.00000,116.20000,10.00000,0.15164,0.00980,0.02720,0.63055,0.24107
0.00000,1.00000,5000.00000,41.20000,85.00000,0.27138,0.00980,0.03740,0.70661,0.42897
0.00000,1.00000,5000.00000,91.20000,35.00000,0.20056,0.00980,0.02740,0.66225,0.32142
0.00000,1.00000,5000.00000,116.20000,10.00000,0.14932,0.00980,0.02460,0.63113,0.24474
0.00000,1.00000,5000.00000,41.20000,85.00000,0.26402,0.00980,0.03760,0.70210,0.41928
0.00000,1.00000,5000.00000,91.20000,35.00000,0.19794,0.00980,0.02460,0.65822,0.30892
0.00000,1.00000,5000.00000,116.20000,10.00000,0.15019,0.00980,0.02720,0.63454,0.25297
0.00000,1.00000,5000.00000,41.20000,85.00000,0.26759,0.00980,0.03480,0.70577,0.42734
0.00000,1.00000,5000.00000,91.20000,35.00000,0.19839,0.00980,0.02360,0.66009,0.31733
0.00000,1.00000,5000.00000,116.20000,10.00000,0.15125,0.00980,0.02560,0.63153,0.24985
0.00000,1.00000,5000.00000,41.20000,85.00000,0.27019,0.00980,0.03900,0.70577,0.42623
0.00000,1.00000,5000.00000,91.20000,35.00000,0.19704,0.00980,0.02460,0.65851,0.31540
0.00000,1.00000,5000.00000,116.20000,10.00000,0.15035,0.00980,0.02720,0.63098,0.24443
0.00000,1.00000,5000.00000,41.20000,85.00000,0.27436,0.00980,0.03800,0.71037,0.43723
0.00000,1.00000,5000.00000,91.20000,35.00000,0.19915,0.00980,0.03020,0.66179,0.31845
0.00000,1.00000,5000.00000,116.20000,10.00000,0.15228,0.00980,0.02580,0.63189,0.24321
0.00000,1.00000,5000.00000,41.20000,85.00000,0.26639,0.00980,0.04080,0.70248,0.42171
0.00000,1.00000,5000.00000,91.20000,35.00000,0.20463,0.00980,0.03500,0.66816,0.33752
0.00000,1.00000,5000.00000,116.20000,10.00000,0.14715,0.00980,0.02560,0.63099,0.24159
0.00000,1.00000,5000.00000,41.20000,85.00000,0.26600,0.00980,0.03920,0.70045,0.41131
0.00000,1.00000,5000.00000,91.20000,35.00000,0.20307,0.00980,0.02820,0.66238,0.31972
0.00000,1.00000,5000.00000,116.20000,10.00000,0.14758,0.00980,0.02700,0.63073,0.24415
0.00000,1.00000,5000.00000,41.20000,85.00000,0.26659,0.00980,0.03640,0.70333,0.42182
0.00000,1.00000,5000.00000,91.20000,35.00000,0.20524,0.00980,0.02440,0.66466,0.32734
0.00000,1.00000,5000.00000,116.20000,10.00000,0.14797,0.00980,0.02520,0.63014,0.23826
0.00000,1.00000,5000.00000,41.20000,85.00000,0.27274,0.00980,0.03900,0.70764,0.43467
0.00000,1.00000,5000.00000,91.20000,35.00000,0.19769,0.00980,0.03020,0.65891,0.31277
0.00000,1.00000,5000.00000,116.20000,10.00000,0.15202,0.00980,0.02500,0.62943,0.24121
0.00000,1.00000,5000.00000,41.20000,85.00000,0.27110,0.00980,0.03740,0.70734,0.42901
0.00000,1.00000,5000.00000,91.20000,35.00000,0.20473,0.00980,0.02820,0.66414,0.32653
0.00000,1.00000,5000.00000,116.20000,10.00000,0.15112,0.00980,0.02240,0.63159,0.24673
0.00000,1.00000,5000.00000,41.20000,85.00000,0.27165,0.00980,0.04140,0.70883,0.43433
0.00000,1.00000,5000.00000,91.20000,35.00000,0.20282,0.00980,0.03040,0.66253,0.32329
0.00000,1.00000,5000.00000,116.20000,10.00000,0.14645,0.00980,0.02580,0.63126,0.24794
0.00000,1.00000,5000.00000,41.20000,85.00000,0.26851,0.00980,0.03660,0.70373,0.42125
0.00000,1.00000,5000.00000,91.20000,35.00000,0.20539,0.00980,0.03180,0.66650,0.33034
0.00000,1.00000,5000.00000,116.20000,10.00000,0.15066,0.00980,0.02640,0.63306,0.24828
0.00000,1.00000,5000.00000,41.20000,85.00000,0.27422,0.00980,0.03660,0.71280,0.44364
0.00000,1.00000,5000.00000,91.20000,35.00000,0.20078,0.00980,0.02840,0.66118,0.31634
0.00000,1.00000,5000.00000,116.20000,10.00000,0.15206,0.00980,0.02740,0.63141,0.24666
0.00000,1.00000,5000.00000,41.20000,85.00000,0.26594,0.00980,0.03420,0.70419,0.42096
0.00000,1.00000,5000.00000,91.20000,35.00000,0.20057,0.00980,0.02560,0.66300,0.32352
0.00000,1.00000,5000.00000,116.20000,10.00000,0.15467,0.00980,0.02960,0.63260,0.24875
0.00000,1.00000,5000.00000,41.20000,85.00000,0.26437,0.00980,0.03080,0.70262,0.41723
0.00000,1.00000,5000.00000,91.20000,35.00000,0.19269,0.00980,0.02900,0.65665,0.30759
0.00000,1.00000,5000.00000,116.20000,10.00000,0.14818,0.00980,0.02560,0.63027,0.24056
0.00000,1.00000,5000.00000,41.20000,85.00000,0.27195,0.00980,0.03420,0.70879,0.43518
0.00000,1.00000,5000.00000,91.20000,35.00000,0.19922,0.00980,0.03000,0.65991,0.31160
0.00000,1.00000,5000.00000,116.20000,10.00000,0.14469,0.00980,0.02620,0.62851,0.23446
0.00000,1.00000,5000.00000,41.20000,85.00000,0.27071,0.00980,0.03500,0.70433,0.42212
0.00000,1.00000,5000.00000,91.20000,35.00000,0.20434,0.00980,0.02600,0.66440,0.32472
0.00000,1.00000,5000.00000,116.20000,10.00000,0.14972,0.00980,0.02660,0.63426,0.24848
0.00000,1.00000,5000.00000,41.20000,85.00000,0.26453,0.00980,0.03520,0.70180,0.41678
0.00000,1.00000,5000.00000,91.20000,35.00000,0.20315,0.00980,0.02740,0.66238,0.32313
0.00000,1.00000,5000.00000,116.20000,10.00000,0.14991,0.00980,0.02560,0.62932,0.23970
0.00000,1.00000,5000.00000,41.20000,85.00000,0.26816,0.00980,0.03260,0.70437,0.42497
0.00000,1.00000,5000.00000,91.20000,35.00000,0.20732,0.00980,0.02660,0.66287,0.32417
0.00000,1.00000,5000.00000,116.20000,10.00000,0.15110,0.00980,0.02360,0.63014,0.24050
0.00000,1.00000,5000.00000,41.20000,85.00000,0.26655,0.00980,0.03740,0.70240,0.41716
0.00000,1.00000,5000.00000,91.20000,35.00000,0.20151,0.00980,0.02760,0.66107,0.31846
0.00000,1.00000,5000.00000,116.20000,10.00000,0.15199,0.00980,0.02980,0.63401,0.25177
0.00000,1.00000,5000.00000,41.20000,85.00000,0.26826,0.00980,0.03680,0.70390,0.42110
0.00000,1.00000,5000.00000,91.20000,35.00000,0.19640,0.00980,0.02600,0.65846,0.30645
0.00000,1.00000,5000.00000,116.20000,10.00000,0.14934,0.00980,0.02720,0.63180,0.24970
0.00000,1.00000,5000.00000,41.20000,85.00000,0.26995,0.00980,0.03780,0.70763,0.43153
0.00000,1.00000,5000.00000,91.20000,35.00000,0.19898,0.00980,0.02540,0.66192,0.32025
0.00000,1.00000,5000.00000,116.20000,10.00000,0.15261,0.00980,0.02960,0.63324,0.25429
0.00000,1.00000,5000.00000,41.20000,85.00000,0.27157,0.00980,0.03600,0.70498,0.42301
0.00000,1.00000,5000.00000,91.20000,35.00000,0.21133,0.00980,0.03100,0.67001,0.34416
0.00000,1.00000,5000.00000,116.20000,10.00000,0.14608,0.00980,0.02500,0.62710,0.23159
0.00000,1.00000,5000.00000,41.20000,85.00000,0.26943,0.00980,0.03320,0.70580,0.42630
0.00000,1.00000,5000.00000,91.20000,35.00000,0.20394,0.00980,0.02660,0.66221,0.32456
0.00000,1.00000,5000.00000,116.20000,10.00000,0.14762,0.00980,0.02140,0.62780,0.23984
0.00000,1.00000,5000.00000,41.20000,85.00000,0.27249,0.00980,0.03860,0.70759,0.43107
0.00000,1.00000,5000.00000,91.20000,35.00000,0.19668,0.00980,0.02720,0.66154,0.32154
0.00000,1.00000,5000.00000,116.20000,10.00000,0.15751,0.00980,0.02580,0.63900,0.26387
0.00000,1.00000,5000.00000,41.20000,85.00000,0.26891,0.00980,0.03440,0.70469,0.42133
0.00000,1.00000,5000.00000,91.20000,35.00000,0.19907,0.00980,0.02820,0.66142,0.31896
0.00000,1.00000,5000.00000,116.20000,10.00000,0.15208,0.00980,0.02360,0.63275,0.24576
0.00000,1.00000,5000.00000,41.20000,85.00000,0.26674,0.00980,0.03620,0.70121,0.41370
0.00000,1.00000,5000.00000,91.20000,35.00000,0.19963,0.00980,0.02540,0.66399,0.32687
0.00000,1.00000,5000.00000,116.20000,10.00000,0.14566,0.00980,0.02500,0.62659,0.23137
0.00000,1.00000,5000.00000,41.20000,85.00000,0.25695,0.00980,0.03500,0.69928,0.40853
0.00000,1.00000,5000.00000,91.20000,35.00000,0.20017,0.00980,0.02840,0.66122,0.31746
0.00000,1.00000,5000.00000,116.20000,10.00000,0.14840,0.00980,0.02580,0.63130,0.24691
0.00000,1.00000,5000.00000,41.20000,85.00000,0.27012,0.00980,0.03280,0.71007,0.43817
0.00000,1.00000,5000.00000,91.20000,35.00000,0.19732,0.00980,0.02840,0.66107,0.32182
0.00000,1.00000,5000.00000,116.20000,10.00000,0.14838,0.00980,0.02600,0.63184,0.24581
0.00000,1.00000,5000.00000,41.20000,85.00000,0.26709,0.00980,0.03740,0.70385,0.42139
0.00000,1.00000,5000.00000,91.20000,35.00000,0.19989,0.00980,0.02820,0.66055,0.31442
0.00000,1.00000,5000.00000,116.20000,10.00000,0.14808,0.00980,0.02680,0.63178,0.24456
0.00000,1.00000,5000.00000,41.20000,85.00000,0.26438,0.00980,0.03560,0.70134,0.41390
0.00000,1.00000,5000.00000,91.20000,35.00000,0.19755,0.00980,0.02880,0.65842,0.31139
0.00000,1.00000,5000.00000,116.20000,10.00000,0.15258,0.00980,0.02980,0.63357,0.25353
0.00000,1.00000,5000.00000,41.20000,85.00000,0.26924,0.00980,0.03520,0.70725,0.42788
0.00000,1.00000,5000.00000,91.20000,35.00000,0.20429,0.00980,0.02840,0.66329,0.32580
0.00000,1.00000,5000.00000,116.20000,10.00000,0.14904,0.00980,0.02700,0.63089,0.23860
0.00000,1.00000,5000.00000,41.20000,85.00000,0.26925,0.00980,0.03580,0.70523,0.42609
0.00000,1.00000,5000.00000,91.20000,35.00000,0.19528,0.00980,0.03040,0.65718,0.30729
0.00000,1.00000,5000.00000,116.20000,10.00000,0.14754,0.00980,0.02620,0.63317,0.25458
0.00000,1.00000,5000.00000,41.20000,85.00000,0.26990,0.00980,0.03940,0.70867,0.43333
0.00000,1.00000,5000.00000,91.20000,35.00000,0.20242,0.00980,0.02920,0.66381,0.32237
0.00000,1.00000,5000.00000,116.20000,10.00000,0.15600,0.00980,0.02780,0.63324,0.24534
0.00000,1.00000,5000.00000,41.20000,85.00000,0.27123,0.00980,0.03880,0.70714,0.43091
0.00000,1.00000,5000.00000,91.20000,35.00000,0.19876,0.00980,0.02340,0.66005,0.31391
0.00000,1.00000,5000.00000,116.20000,10.00000,0.14847,0.00980,0.02560,0.63264,0.24816
0.00000,1.00000,5000.00000,41.20000,85.00000,0.26781,0.00980,0.03700,0.70415,0.42411
0.00000,1.00000,5000.00000,91.20000,35.00000,0.20485,0.00980,0.02880,0.66495,0.32649
0.00000,1.00000,5000.00000,116.20000,10.00000,0.15204,0.00980,0.02940,0.63066,0.24162
0.00000,1.00000,5000.00000,41.20000,85.00000,0.27018,0.00980,0.03720,0.70723,0.42773
0.00000,1.00000,5000.00000,91.20000,35.00000,0.19784,0.00980,0.02700,0.65985,0.31457
0.00000,1.00000,5000.00000,116.20000,10.00000,0.15340,0.00980,0.02620,0.63204,0.24595
0.00000,1.00000,5000.00000,41.20000,85.00000,0.27571,0.00980,0.03700,0.70897,0.43384
0.00000,1.00000,5000.00000,91.20000,35.00000,0.20173,0.00980,0.02980,0.66249,0.32071
0.00000,1.00000,5000.00000,116.20000,10.00000,0.14642,0.00980,0.02500,0.63004,0.24073
0.00000,1.00000,5000.00000,41.20000,85.00000,0.26816,0.00980,0.03420,0.70571,0.42365
0.00000,1.00000,5000.00000,91.20000,35.00000,0.20497,0.00980,0.03120,0.66175,0.31927
0.00000,1.00000,5000.00000,116.20000,10.00000,0.15247,0.00980,0.02820,0.63156,0.24847
0.00000,1.00000,5000.00000,41.20000,85.00000,0.26784,0.00980,0.04280,0.70321,0.42002
0.00000,1.00000,5000.00000,91.20000,35.00000,0.20080,0.00980,0.02800,0.66464,0.32423
0.00000,1.00000,5000.00000,116.20000,10.00000,0.14772,0.00980,0.02560,0.63030,0.23999
0.00000,1.00000,5000.00000,41.20000,85.00000,0.26449,0.00980,0.03600,0.70332,0.41719
0.00000,1.00000,5000.00000,91.20000,35.00000,0.19544,0.00980,0.02480,0.65729,0.30781
0.00000,1.00000,5000.00000,116.20000,10.00000,0.14869,0.00980,0.02520,0.63178,0.24659
0.00000,1.00000,5000.00000,41.20000,85.00000,0.26228,0.00980,0.03300,0.69826,0.40683
0.00000,1.00000,5000.00000,91.20000,35.00000,0.19861,0.00980,0.02800,0.66128,0.31914
0.00000,1.00000,5000.00000,116.20000,10.00000,0.15327,0.00980,0.02100,0.63146,0.24207
0.00000,1.00000,5000.00000,41.20000,85.00000,0.26546,0.00980,0.03780,0.70637,0.42959
0.00000,1.00000,5000.00000,91.20000,35.00000,0.19445,0.00980,0.02620,0.65741,0.31081
0.00000,1.00000,5000.00000,116.20000,10.00000,0.14916,0.00980,0.02660,0.63190,0.24332
0.00000,1.00000,5000.00000,41.20000,85.00000,0.26764,0.00980,0.03500,0.70410,0.42042
0.00000,1.00000,5000.00000,91.20000,35.00000,0.19434,0.00980,0.02760,0.65721,0.30748
0.00000,1.00000,5000.00000,116.20000,10.00000,0.15186,0.00980,0.02620,0.63314,0.24870
0.00000,1.00000,5000.00000,41.20000,85.00000,0.26439,0.00980,0.03480,0.70052,0.41145
0.00000,1.00000,5000.00000,91.20000,35.00000,0.20148,0.00980,0.02900,0.66116,0.31641
0.00000,1.00000,5000.00000,116.20000,10.00000,0.14793,0.00980,0.02340,0.62745,0.23374
0.00000,1.00000,5000.00000,41.20000,85.00000,0.26252,0.00980,0.03640,0.70293,0.41861
0.00000,1.00000,5000.00000,91.20000,35.00000,0.19888,0.00980,0.02840,0.66165,0.32301
0.00000,1.00000,5000.00000,116.20000,10.00000,0.14918,0.00980,0.02700,0.63180,0.24361
0.00000,1.00000,5000.00000,41.20000,85.00000,0.26733,0.00980,0.03780,0.70232,0.41738
0.00000,1.00000,5000.00000,91.20000,35.00000,0.20106,0.00980,0.02860,0.66263,0.31969
0.00000,1.00000,5000.00000,116.20000,10.00000,0.15586,0.00980,0.03180,0.63544,0.25956
0.00000,1.00000,5000.00000,41.20000,85.00000,0.26804,0.00980,0.03800,0.70498,0.42486
0.00000,1.00000,5000.00000,91.20000,35.00000,0.20115,0.00980,0.02440,0.66100,0.31465
0.00000,1.00000,5000.00000,116.20000,10.00000,0.14959,0.00980,0.02720,0.63188,0.24469
0.00000,1.00000,5000.00000,41.20000,85.00000,0.27156,0.00980,0.03620,0.70611,0.42590
0.00000,1.00000,5000.00000,91.20000,35.00000,0.20367,0.00980,0.03060,0.66488,0.32632
0.00000,1.00000,5000.00000,116.20000,10.00000,0.14898,0.00980,0.02300,0.63150,0.24820
0.00000,1.00000,5000.00000,41.20000,85.00000,0.27183,0.00980,0.03520,0.70574,0.42922
0.00000,1.00000,5000.00000,91.20000,35.00000,0.19700,0.00980,0.02840,0.65852,0.31248
0.00000,1.00000,5000.00000,116.20000,10.00000,0.15046,0.00980,0.02760,0.63250,0.25071
0.00000,1.00000,5000.00000,41.20000,85.00000,0.26741,0.00980,0.04180,0.70367,0.42226
0.00000,1.00000,5000.00000,91.20000,35.00000,0.19938,0.00980,0.03020,0.66374,0.32785
0.00000,1.00000,5000.00000,116.20000,10.00000,0.15039,0.00980,0.02800,0.63276,0.25081
0.00000,1.00000,5000.00000,41.20000,85.00000,0.27215,0.00980,0.03980,0.70789,0.43254
0.00000,1.00000,5000.00000,91.20000,35.00000,0.19961,0.00980,0.02520,0.66058,0.31538
0.00000,1.00000,5000.00000,116.20000,10.00000,0.14703,0.00980,0.02900,0.63153,0.24749
0.00000,1.00000,5000.00000,41.20000,85.00000,0.26327,0.00980,0.03660,0.70088,0.41011
0.00000,1.00000,5000.00000,91.20000,35.00000,0.20154,0.00980,0.03080,0.66318,0.32704
0.00000,1.00000,5000.00000,116.20000,10.00000,0.15451,0.00980,0.02260,0.63548,0.25320
0.00000,1.00000,5000.00000,41.20000,85.00000,0.27219,0.00980,0.03580,0.70587,0.42711
0.00000,1.00000,5000.00000,91.20000,35.00000,0.20372,0.00980,0.02700,0.66085,0.31432
0.00000,1.00000,5000.00000,116.20000,10.00000,0.14715,0.00980,0.02620,0.63220,0.24222
0.00000,1.00000,5000.00000,41.20000,85.00000,0.26738,0.00980,0.03880,0.70474,0.42182
0.00000,1.00000,5000.00000,91.20000,35.00000,0.20118,0.00980,0.02300,0.66242,0.32041
0.00000,1.00000,5000.00000,116.20000,10.00000,0.15123,0.00980,0.02860,0.63116,0.24300
0.00000,1.00000,5000.00000,41.20000,85.00000,0.26443,0.00980,0.04140,0.70062,0.41329
0.00000,1.00000,5000.00000,91.20000,35.00000,0.19659,0.00980,0.02880,0.65920,0.31124
0.00000,1.00000,5000.00000,116.20000,10.00000,0.14700,0.00980,0.02460,0.63047,0.24137
0.00000,1.00000,5000.00000,41.20000,85.00000,0.26422,0.00980,0.03720,0.69974,0.41052
0.00000,1.00000,5000.00000,91.20000,35.00000,0.20101,0.00980,0.03140,0.66387,0.32615
0.00000,1.00000,5000.00000,116.20000,10.00000,0.15380,0.00980,0.02740,0.63549,0.25544
0.00000,1.00000,5000.00000,41.20000,85.00000,0.27164,0.00980,0.03660,0.70710,0.42993
0.00000,1.00000,5000.00000,91.20000,35.00000,0.19999,0.00980,0.02780,0.66246,0.32047
0.00000,1.00000,5000.00000,116.20000,10.00000,0.15521,0.00980,0.02720,0.63499,0.25514
0.00000,1.00000,5000.00000,41.20000,85.00000,0.27457,0.00980,0.03900,0.70684,0.42827
0.00000,1.00000,5000.00000,91.20000,35.00000,0.20225,0.00980,0.02900,0.65956,0.31662
0.00000,1.00000,5000.00000,116.20000,10.00000,0.14630,0.00980,0.02160,0.62890,0.24321
0.00000,1.00000,5000.00000,41.20000,85.00000,0.27005,0.00980,0.03880,0.70714,0.43069
0.00000,1.00000,5000.00000,91.20000,35.00000,0.19793,0.00980,0.02680,0.65805,0.31019
0.00000,1.00000,5000.00000,116.20000,10.00000,0.14822,0.00980,0.02900,0.63106,0.24408
0.00000,1.00000,5000.00000,41.20000,85.00000,0.26198,0.00980,0.03600,0.69941,0.41061
0.00000,1.00000,5000.00000,91.20000,35.00000,0.19668,0.00980,0.02920,0.66087,0.31936
0.00000,1.00000,5000.00000,116.20000,10.00000,0.15463,0.00980,0.03220,0.63614,0.26020
0.00000,1.00000,5000.00000,41.20000,85.00000,0.27131,0.00980,0.03560,0.70652,0.42732
0.00000,1.00000,5000.00000,91.20000,35.00000,0.20270,0.00980,0.03160,0.66350,0.32502
0.00000,1.00000,5000.00000,116.20000,10.00000,0.14276,0.00980,0.02760,0.62884,0.23947
0.00000,1.00000,5000.00000,41.20000,85.00000,0.26736,0.00980,0.03960,0.70618,0.42775
0.00000,1.00000,5000.00000,91.20000,35.00000,0.20133,0.00980,0.02700,0.66158,0.31874
0.00000,1.00000,5000.00000,116.20000,10.00000,0.14664,0.00980,0.02100,0.63017,0.24107
0.00000,1.00000,5000.00000,41.20000,85.00000,0.27068,0.00980,0.03740,0.70669,0.42945
0.00000,1.00000,5000.00000,91.20000,35.00000,0.20513,0.00980,0.02820,0.66520,0.32585
0.00000,1.00000,5000.00000,116.20000,10.00000,0.15479,0.00980,0.02680,0.63481,0.24945
0.00000,1.00000,5000.00000,41.20000,85.00000,0.26324,0.00980,0.03420,0.70185,0.41857
0.00000,1.00000,5000.00000,91.20000,35.00000,0.20009,0.00980,0.02860,0.66236,0.31765
0.00000,1.00000,5000.00000,116.20000,10.00000,0.14480,0.00980,0.02880,0.62967,0.23749
0.00000,1.00000,5000.00000,41.20000,85.00000,0.27415,0.00980,0.03700,0.70824,0.43289
0.00000,1.00000,5000.00000,91.20000,35.00000,0.19402,0.00980,0.02660,0.65848,0.30938
0.00000,1.00000,5000.00000,116.20000,10.00000,0.15341,0.00980,0.02560,0.63073,0.24142
0.00000,1.00000,5000.00000,41.20000,85.00000,0.26103,0.00980,0.03680,0.69968,0.40999
0.00000,1.00000,5000.00000,91.20000,35.00000,0.19896,0.00980,0.02700,0.65953,0.31105
0.00000,1.00000,5000.00000,116.20000,10.00000,0.15113,0.00980,0.02840,0.63336,0.25068
0.00000,1.00000,5000.00000,41.20000,85.00000,0.26365,0.00980,0.03940,0.70064,0.41420
0.00000,1.00000,5000.00000,91.20000,35.00000,0.20482,0.00980,0.02780,0.66245,0.32591
0.00000,1.00000,5000.00000,116.20000,10.00000,0.14697,0.00980,0.02520,0.62894,0.23814
0.00000,1.00000,5000.00000,41.20000,85.00000,0.27028,0.00980,0.03540,0.70552,0.42399
0.00000,1.00000,5000.00000,91.20000,35.00000,0.20166,0.00980,0.02820,0.66113,0.31760
0.00000,1.00000,5000.00000,116.20000,10.00000,0.14997,0.00980,0.02400,0.63410,0.24933
0.00000,1.00000,5000.00000,41.20000,85.00000,0.26518,0.00980,0.03460,0.70298,0.41862
0.00000,1.00000,5000.00000,91.20000,35.00000,0.20423,0.00980,0.02820,0.66575,0.33138
0.00000,1.00000,5000.00000,116.20000,10.00000,0.15143,0.00980,0.03080,0.63110,0.24693
0.00000,1.00000,5000.00000,41.20000,85.00000,0.27172,0.00980,0.03460,0.71104,0.44025
0.00000,1.00000,5000.00000,91.20000,35.00000,0.20650,0.00980,0.02960,0.66694,0.33217
0.00000,1.00000,5000.00000,116.20000,10.00000,0.14769,0.00980,0.02680,0.63107,0.24537
0.00000,1.00000,5000.00000,41.20000,85.00000,0.26900,0.00980,0.03580,0.70722,0.42949
0.00000,1.00000,5000.00000,91.20000,35.00000,0.19568,0.00980,0.02580,0.65803,0.31103
0.00000,1.00000,5000.00000,116.20000,10.00000,0.14841,0.00980,0.02460,0.62914,0.23967
0.00000,1.00000,5000.00000,41.20000,85.00000,0.26703,0.00980,0.03980,0.70317,0.42085
0.00000,1.00000,5000.00000,91.20000,35.00000,0.19839,0.00980,0.02760,0.66008,0.31787
0.00000,1.00000,5000.00000,116.20000,10.00000,0.15516,0.00980,0.02360,0.63402,0.25303
0.00000,1.00000,5000.00000,41.20000,85.00000,0.26661,0.00980,0.03700,0.70324,0.41893
0.00000,1.00000,5000.00000,91.20000,35.00000,0.20699,0.00980,0.02760,0.66342,0.32498
0.00000,1.00000,5000.00000,116.20000,10.00000,0.15088,0.00980,0.02560,0.63245,0.24870
0.00000,1.00000,5000.00000,41.20000,85.00000,0.27110,0.00980,0.03660,0.70656,0.42650
0.00000,1.00000,5000.00000,91.20000,35.00000,0.19866,0.00980,0.02700,0.66197,0.32503
0.00000,1.00000,5000.00000,116.20000,10.00000,0.14571,0.00980,0.02340,0.62942,0.24295
0.00000,1.00000,5000.00000,41.20000,85.00000,0.27167,0.00980,0.04120,0.70778,0.42949
0.00000,1.00000,5000.00000,91.20000,35.00000,0.19806,0.00980,0.02740,0.65975,0.31435
0.00000,1.00000,5000.00000,116.20000,10.00000,0.15016,0.00980,0.02640,0.63150,0.24641
0.00000,1.00000,5000.00000,41.20000,85.00000,0.27266,0.00980,0.03700,0.70739,0.42921
0.00000,1.00000,5000.00000,91.20000,35.00000,0.19857,0.00980,0.02560,0.65923,0.31186
0.00000,1.00000,5000.00000,116.20000,10.00000,0.15380,0.00980,0.02500,0.63543,0.25305
0.00000,1.00000,5000.00000,41.20000,85.00000,0.26481,0.00980,0.03680,0.70359,0.42183
0.00000,1.00000,5000.00000,91.20000,35.00000,0.20154,0.00980,0.03020,0.66209,0.32220
0.00000,1.00000,5000.00000,116.20000,10.00000,0.14901,0.00980,0.02320,0.63174,0.24480
0.00000,1.00000,5000.00000,41.20000,85.00000,0.27248,0.00980,0.03680,0.70739,0.43038
0.00000,1.00000,5000.00000,91.20000,35.00000,0.20237,0.00980,0.02580,0.66503,0.32856
0.00000,1.00000,5000.00000,116.20000,10.00000,0.15297,0.00980,0.02540,0.63248,0.24549
0.00000,1.00000,5000.00000,41.20000,85.00000,0.25953,0.00980,0.03460,0.69893,0.40771
0.00000,1.00000,5000.00000,91.20000,35.00000,0.20247,0.00980,0.02900,0.66305,0.31897
0.00000,1.00000,5000.00000,116.20000,10.00000,0.14612,0.00980,0.02600,0.63016,0.24035
0.00000,1.00000,5000.00000,41.20000,85.00000,0.26201,0.00980,0.03800,0.69930,0.41168
0.00000,1.00000,5000.00000,91.20000,35.00000,0.20023,0.00980,0.03140,0.66292,0.32377
0.00000,1.00000,5000.00000,116.20000,10.00000,0.15217,0.00980,0.02560,0.63158,0.24300
0.00000,1.00000,5000.00000,41.20000,85.00000,0.26420,0.00980,0.03820,0.70263,0.42194
0.00000,1.00000,5000.00000,91.20000,35.00000,0.19967,0.00980,0.02780,0.66049,0.31598
0.00000,1.00000,5000.00000,116.20000,10.00000,0.15114,0.00980,0.02420,0.63299,0.24997
0.00000,1.00000,5000.00000,41.20000,85.00000,0.26876,0.00980,0.03780,0.70588,0.42527
0.00000,1.00000,5000.00000,91.20000,35.00000,0.20223,0.00980,0.02900,0.65955,0.31660
0.00000,1.00000,5000.00000,116.20000,10.00000,0.14770,0.00980,0.02640,0.63056,0.23887
0.00000,1.00000,5000.00000,41.20000,85.00000,0.26060,0.00980,0.03380,0.69957,0.40906
0.00000,1.00000,5000.00000,91.20000,35.00000,0.19458,0.00980,0.02420,0.65901,0.31061
0.00000,1.00000,5000.00000,116.20000,10.00000,0.14638,0.00980,0.02300,0.63015,0.24490
0.00000,1.00000,5000.00000,41.20000,85.00000,0.26770,0.00980,0.03700,0.70353,0.42197
0.00000,1.00000,5000.00000,91.20000,35.00000,0.20303,0.00980,0.03080,0.66285,0.32127
0.00000,1.00000,5000.00000,116.20000,10.00000,0.15305,0.00980,0.03140,0.63530,0.25856
0.00000,1.00000,5000.00000,41.20000,85.00000,0.27499,0.00980,0.03820,0.71024,0.43568
0.00000,1.00000,5000.00000,91.20000,35.00000,0.20057,0.00980,0.02560,0.66300,0.32352
0.00000,1.00000,5000.00000,116.20000,10.00000,0.15139,0.00980,0.02780,0.63358,0.25125
0.00000,1.00000,5000.00000,41.20000,85.00000,0.26671,0.00980,0.03720,0.70257,0.41693
0.00000,1.00000,5000.00000,91.20000,35.00000,0.20270,0.00980,0.02860,0.66375,0.32414
0.00000,1.00000,5000.00000,116.20000,10.00000,0.14763,0.00980,0.02720,0.63136,0.24411
0.00000,1.00000,5000.00000,41.20000,85.00000,0.26615,0.00980,0.04060,0.70295,0.41917
0.00000,1.00000,5000.00000,91.20000,35.00000,0.20168,0.00980,0.02680,0.66340,0.32075
0.00000,1.00000,5000.00000,116.20000,10.00000,0.15427,0.00980,0.02720,0.63336,0.24682
0.00000,1.00000,5000.00000,41.20000,85.00000,0.26849,0.00980,0.03840,0.70489,0.42413
0.00000,1.00000,5000.00000,91.20000,35.00000,0.20414,0.00980,0.02700,0.66376,0.32260
0.00000,1.00000,5000.00000,116.20000,10.00000,0.14461,0.00980,0.02700,0.62807,0.23469
0.00000,1.00000,5000.00000,41.20000,85.00000,0.27315,0.00980,0.04000,0.70856,0.43561
0.00000,1.00000,5000.00000,91.20000,35.00000,0.19382,0.00980,0.02480,0.65835,0.30766
0.00000,1.00000,5000.00000,116.20000,10.00000,0.15027,0.00980,0.02400,0.62778,0.23546
0.00000,1.00000,5000.00000,41.20000,85.00000,0.26793,0.00980,0.03480,0.70428,0.42373
0.00000,1.00000,5000.00000,91.20000,35.00000,0.19613,0.00980,0.02800,0.65703,0.30503
0.00000,1.00000,5000.00000,116.20000,10.00000,0.14743,0.00980,0.02360,0.62839,0.23440
0.00000,1.00000,5000.00000,41.20000,85.00000,0.26456,0.00980,0.03940,0.70127,0.41579
0.00000,1.00000,5000.00000,91.20000,35.00000,0.20167,0.00980,0.03280,0.66270,0.32202
0.00000,1.00000,5000.00000,116.20000,10.00000,0.14609,0.00980,0.02720,0.62877,0.23602
0.00000,1.00000,5000.00000,41.20000,85.00000,0.26574,0.00980,0.03680,0.70586,0.42883
0.00000,1.00000,5000.00000,91.20000,35.00000,0.20039,0.00980,0.02340,0.65966,0.31655
0.00000,1.00000,5000.00000,116.20000,10.00000,0.15324,0.00980,0.02520,0.63306,0.24836
0.00000,1.00000,5000.00000,41.20000,85.00000,0.26485,0.00980,0.03480,0.70052,0.41272
0.00000,1.00000,5000.00000,91.20000,35.00000,0.20424,0.00980,0.02820,0.66575,0.33138
0.00000,1.00000,5000.00000,116.20000,10.00000,0.14630,0.00980,0.02520,0.63141,0.24502
0.00000,1.00000,5000.00000,41.20000,85.00000,0.27307,0.00980,0.03380,0.71070,0.43768
0.00000,1.00000,5000.00000,91.20000,35.00000,0.20433,0.00980,0.03080,0.66629,0.33067
0.00000,1.00000,5000.00000,116.20000,10.00000,0.15264,0.00980,0.03120,0.63206,0.24964
0.00000,1.00000,5000.00000,41.20000,85.00000,0.27215,0.00980,0.03940,0.70833,0.43333
0.00000,1.00000,5000.00000,91.20000,35.00000,0.20150,0.00980,0.02600,0.66389,0.32444
0.00000,1.00000,5000.00000,116.20000,10.00000,0.14967,0.00980,0.02340,0.63053,0.24297
0.00000,1.00000,5000.00000,41.20000,85.00000,0.26584,0.00980,0.03700,0.70297,0.41954
0.00000,1.00000,5000.00000,91.20000,35.00000,0.19972,0.00980,0.02920,0.66145,0.31816
0.00000,1.00000,5000.00000,116.20000,10.00000,0.15221,0.00980,0.02380,0.63335,0.25033
0.00000,1.00000,5000.00000,41.20000,85.00000,0.27222,0.00980,0.03480,0.71049,0.43704
0.00000,1.00000,5000.00000,91.20000,35.00000,0.19710,0.00980,0.02660,0.65846,0.31102
0.00000,1.00000,5000.00000,116.20000,10.00000,0.15417,0.00980,0.02640,0.63367,0.25279
0.00000,1.00000,5000.00000,41.20000,85.00000,0.26742,0.00980,0.03640,0.70679,0.42782
0.00000,1.00000,5000.00000,91.20000,35.00000,0.20059,0.00980,0.02320,0.65740,0.30932
0.00000,1.00000,5000.00000,116.20000,10.00000,0.14420,0.00980,0.02480,0.62959,0.23959
0.00000,1.00000,5000.00000,41.20000,85.00000,0.26476,0.00980,0.03660,0.70006,0.41244
0.00000,1.00000,5000.00000,91.20000,35.00000,0.20067,0.00980,0.02980,0.66257,0.32097
0.00000,1.00000,5000.00000,116.20000,10.00000,0.15039,0.00980,0.02100,0.63278,0.24768
0.00000,1.00000,5000.00000,41.20000,85.00000,0.27067,0.00980,0.03760,0.70617,0.42885
0.00000,1.00000,5000.00000,91.20000,35.00000,0.20009,0.00980,0.02780,0.66137,0.31907
0.00000,1.00000,5000.00000,116.20000,10.00000,0.15245,0.00980,0.02820,0.63463,0.25398
0.00000,1.00000,5000.00000,41.20000,85.00000,0.26017,0.00980,0.03920,0.69898,0.40684
0.00000,1.00000,5000.00000,91.20000,35.00000,0.19452,0.00980,0.02940,0.66060,0.32100
0.00000,1.00000,5000.00000,116.20000,10.00000,0.14796,0.00980,0.02520,0.62816,0.23648
0.00000,1.00000,5000.00000,41.20000,85.00000,0.27301,0.00980,0.03860,0.71088,0.43799
0.00000,1.00000,5000.00000,91.20000,35.00000,0.19929,0.00980,0.03120,0.66214,0.32112
0.00000,1.00000,5000.00000,116.20000,10.00000,0.14392,0.00980,0.02620,0.62946,0.23847
0.00000,1.00000,5000.00000,41.20000,85.00000,0.27056,0.00980,0.03420,0.70517,0.42320
0.00000,1.00000,5000.00000,91.20000,35.00000,0.20263,0.00980,0.03040,0.66307,0.32109
0.00000,1.00000,5000.00000,116.20000,10.00000,0.15001,0.00980,0.02820,0.63187,0.24497
0.00000,1.00000,5000.00000,41.20000,85.00000,0.26385,0.00980,0.04060,0.69998,0.41119
0.00000,1.00000,5000.00000,91.20000,35.00000,0.19885,0.00980,0.02680,0.66096,0.31800
0.00000,1.00000,5000.00000,116.20000,10.00000,0.14722,0.00980,0.02540,0.63080,0.24265
0.00000,1.00000,5000.00000,41.20000,85.00000,0.26857,0.00980,0.03300,0.70805,0.43115
0.00000,1.00000,5000.00000,91.20000,35.00000,0.20299,0.00980,0.03200,0.66428,0.32771
0.00000,1.00000,5000.00000,116.20000,10.00000,0.15142,0.00980,0.02700,0.63067,0.23932
0.00000,1.00000,5000.00000,41.20000,85.00000,0.27350,0.00980,0.03640,0.70948,0.43470
0.00000,1.00000,5000.00000,91.20000,35.00000,0.20081,0.00980,0.03000,0.66356,0.32464
0.00000,1.00000,5000.00000,116.20000,10.00000,0.15183,0.00980,0.02580,0.63264,0.24788
0.00000,1.00000,5000.00000,41.20000,85.00000,0.26675,0.00980,0.03320,0.70395,0.42275
0.00000,1.00000,5000.00000,91.20000,35.00000,0.19546,0.00980,0.02960,0.65702,0.30769
0.00000,1.00000,5000.00000,116.20000,10.00000,0.15444,0.00980,0.03000,0.63617,0.26173
0.00000,1.00000,5000.00000,41.20000,85.00000,0.27428,0.00980,0.03560,0.70904,0.43541
0.00000,1.00000,5000.00000,91.20000,35.00000,0.20461,0.00980,0.02200,0.66025,0.31428
0.00000,1.00000,5000.00000,116.20000,10.00000,0.14633,0.00980,0.02640,0.63014,0.23965
0.00000,1.00000,5000.00000,41.20000,85.00000,0.26241,0.00980,0.03720,0.69906,0.40863
0.00000,1.00000,5000.00000,91.20000,35.00000,0.20179,0.00980,0.02920,0.66130,0.31807
0.00000,1.00000,5000.00000,116.20000,10.00000,0.15449,0.00980,0.03120,0.63302,0.24617
0.00000,1.00000,5000.00000,41.20000,85.00000,0.27176,0.00980,0.03320,0.70859,0.43356
0.00000,1.00000,5000.00000,91.20000,35.00000,0.19605,0.00980,0.02920,0.65930,0.31221
0.00000,1.00000,5000.00000,116.20000,10.00000,0.15126,0.00980,0.02600,0.63134,0.24602
0.00000,1.00000,5000.00000,41.20000,85.00000,0.25994,0.00980,0.03280,0.70080,0.41470
0.00000,1.00000,5000.00000,91.20000,35.00000,0.20056,0.00980,0.03040,0.66274,0.32317
0.00000,1.00000,5000.00000,116.20000,10.00000,0.15314,0.00980,0.02820,0.63342,0.25201
0.00000,1.00000,5000.00000,41.20000,85.00000,0.26990,0.00980,0.03600,0.70457,0.42275
0.00000,1.00000,5000.00000,91.20000,35.00000,0.19974,0.00980,0.03240,0.66189,0.32175
0.00000,1.00000,5000.00000,116.20000,10.00000,0.15141,0.00980,0.02840,0.63272,0.25117
0.00000,1.00000,5000.00000,41.20000,85.00000,0.26660,0.00980,0.03740,0.70608,0.42958
0.00000,1.00000,5000.00000,91.20000,35.00000,0.19753,0.00980,0.02820,0.66022,0.31457
0.00000,1.00000,5000.00000,116.20000,10.00000,0.15013,0.00980,0.02400,0.62894,0.23566
0.00000,1.00000,5000.00000,41.20000,85.00000,0.26879,0.00980,0.03420,0.70658,0.42522
0.00000,1.00000,5000.00000,91.20000,35.00000,0.20193,0.00980,0.02620,0.66258,0.32081
0.00000,1.00000,5000.00000,116.20000,10.00000,0.15132,0.00980,0.02580,0.63371,0.25062
0.00000,1.00000,5000.00000,41.20000,85.00000,0.25806,0.00980,0.03160,0.69472,0.39762
0.00000,1.00000,5000.00000,91.20000,35.00000,0.19947,0.00980,0.02680,0.66098,0.31665
0.00000,1.00000,5000.00000,116.20000,10.00000,0.14576,0.00980,0.02340,0.62947,0.24302
0.00000,1.00000,5000.00000,41.20000,85.00000,0.27055,0.00980,0.04220,0.70620,0.42712
0.00000,1.00000,5000.00000,91.20000,35.00000,0.19633,0.00980,0.02440,0.65875,0.31244
0.00000,1.00000,5000.00000,116.20000,10.00000,0.15032,0.00980,0.02660,0.63261,0.25038
0.00000,1.00000,5000.00000,41.20000,85.00000,0.26518,0.00980,0.04120,0.70238,0.41669
0.00000,1.00000,5000.00000,91.20000,35.00000,0.20500,0.00980,0.03060,0.66569,0.32976
0.00000,1.00000,5000.00000,116.20000,10.00000,0.14737,0.00980,0.02480,0.62628,0.23106
0.00000,1.00000,5000.00000,41.20000,85.00000,0.26354,0.00980,0.03460,0.70420,0.42294
0.00000,1.00000,5000.00000,91.20000,35.00000,0.20456,0.00980,0.03000,0.66235,0.31912
0.00000,1.00000,5000.00000,116.20000,10.00000,0.15117,0.00980,0.02960,0.63217,0.24522
0.00000,1.00000,5000.00000,41.20000,85.00000,0.26746,0.00980,0.04000,0.70214,0.41775
0.00000,1.00000,5000.00000,91.20000,35.00000,0.19948,0.00980,0.02860,0.65970,0.31663
0.00000,1.00000,5000.00000,116.20000,10.00000,0.14675,0.00980,0.02780,0.63020,0.24131
0.00000,1.00000,5000.00000,41.20000,85.00000,0.26634,0.00980,0.03560,0.70159,0.41499
0.00000,1.00000,5000.00000,91.20000,35.00000,0.19267,0.00980,0.02560,0.65700,0.30942
0.00000,1.00000,5000.00000,116.20000,10.00000,0.14678,0.00980,0.02720,0.63167,0.24413
0.00000,1.00000,5000.00000,41.20000,85.00000,0.26905,0.00980,0.03360,0.70611,0.42510
0.00000,1.00000,5000.00000,91.20000,35.00000,0.19779,0.00980,0.02940,0.66285,0.32131
0.00000,1.00000,5000.00000,116.20000,10.00000,0.14886,0.00980,0.02860,0.63137,0.24430
0.00000,1.00000,5000.00000,41.20000,85.00000,0.27274,0.00980,0.03620,0.71022,0.43957
0.00000,1.00000,5000.00000,91.20000,35.00000,0.19828,0.00980,0.02580,0.65781,0.30800
0.00000,1.00000,5000.00000,116.20000,10.00000,0.15136,0.00980,0.02520,0.63169,0.24888
0.00000,1.00000,5000.00000,41.20000,85.00000,0.27010,0.00980,0.03820,0.70628,0.42843
0.00000,1.00000,5000.00000,91.20000,35.00000,0.19919,0.00980,0.02840,0.66288,0.32623
0.00000,1.00000,5000.00000,116.20000,10.00000,0.14866,0.00980,0.02660,0.63311,0.25403
0.00000,1.00000,5000.00000,41.20000,85.00000,0.27281,0.00980,0.03860,0.71089,0.44083
